,screen_name,name,organization,position,gender,followers_count,following_count,tweet_count,user_created_at,verified,protected,original,quote,reply,retweet,tweets_in_dataset,mention_count,mentioning_count
325050734,AllysonRaeWx,"Banks, Allyson",WUSA–TV,Morning Meteorologist,F,6918,2290,8413,Mon Jun 27 17:16:06 +0000 2011,True,False,123.0,23.0,45.0,99.0,290.0,330,7
16018516,jenhab,"Haberkorn, Jennifer A.",Politico,Senior Health Reporter,F,20028,1484,10380,Wed Aug 27 22:14:32 +0000 2008,True,False,208.0,85.0,63.0,296.0,652.0,200,31
19186003,seungminkim,"Kim, Seung Min",Politico,Senate Reporter,F,33980,1311,35295,Mon Jan 19 15:07:21 +0000 2009,True,False,648.0,346.0,201.0,505.0,1700.0,143,41
108617810,DanaBashCNN,"Bash, Dana",CNN,Chief Political Correspondent,F,281861,937,8757,Tue Jan 26 14:24:27 +0000 2010,True,False,50.0,79.0,1.0,117.0,247.0,115,55
82151660,kelsey_snell,"Snell, Kelse",Washington Post,Congress Reporter,F,8108,1181,10804,Tue Oct 13 18:00:27 +0000 2009,True,False,197.0,97.0,185.0,175.0,654.0,109,22
33919343,AshleyRParker,"Parker, Ashley",Washington Post,White House Reporter,F,122382,2342,12433,Tue Apr 21 14:28:57 +0000 2009,True,False,172.0,67.0,11.0,120.0,370.0,100,31
52392666,ZoeTillman,"Tillman, Zoe",BuzzFeed,Courts & Justice Reporter,F,15246,1159,12795,Tue Jun 30 13:23:50 +0000 2009,True,False,393.0,33.0,318.0,157.0,901.0,87,14
26632935,HopeSeck,"Hodge Seck, Hope",Military.com,Marine Corps & Navy Reporter,F,4584,2389,15814,Wed Mar 25 23:55:59 +0000 2009,True,False,193.0,112.0,152.0,365.0,822.0,83,3
16441088,jestei,"Steinhauer, Jennifer",New York Times,Congress Reporter,F,13452,1000,11993,Wed Sep 24 21:03:18 +0000 2008,False,False,91.0,55.0,21.0,237.0,404.0,76,26
18227519,morningmika,"Brzezinski, Mika",MSNBC,"Co-Host, Morning Joe",F,653031,664,10023,Thu Dec 18 22:33:51 +0000 2008,True,False,37.0,2.0,2.0,70.0,111.0,70,44
12354832,kasie,"Hunt, Kasie",NBC News,Correspondent,F,187357,1939,24571,Thu Jan 17 11:28:36 +0000 2008,True,False,162.0,175.0,38.0,287.0,662.0,67,29
139738464,mj_lee,"Lee, MJ",CNN,National Political Reporter,F,31940,1061,10338,Mon May 03 14:41:10 +0000 2010,True,False,293.0,179.0,72.0,182.0,726.0,67,27
204599219,pw_cunningham,"Cunningham, Paige",Washington Examiner,Senior Health Reporter,F,9255,752,4244,Tue Oct 19 01:52:44 +0000 2010,True,False,166.0,61.0,11.0,0.0,238.0,67,18
118747545,eilperin,"Eilperin, Juliet",Washington Post,White House Bureau Chief,F,20483,521,13881,Mon Mar 01 16:47:13 +0000 2010,True,False,194.0,21.0,38.0,262.0,515.0,67,16
360080772,FoxReports,"Fox, Lauren",CNN,Congressional Reporter,F,7282,1247,7947,Mon Aug 22 17:13:08 +0000 2011,False,False,282.0,102.0,64.0,60.0,508.0,65,15
58869089,margarettalev,"Talev, Margaret",Bloomberg News,Senior White House Reporter,F,19588,4517,4442,Tue Jul 21 18:06:26 +0000 2009,True,False,122.0,30.0,5.0,230.0,387.0,58,27
313545488,LauraLitvan,"Litvan, Laura",Bloomberg News,Congressional & Political Reporter,F,4468,1228,4132,Wed Jun 08 20:35:36 +0000 2011,True,False,439.0,76.0,123.0,90.0,728.0,58,5
19734832,sarahkliff,"Kliff, Sarah L.",Vox Media,Senior Policy Correspondent,F,100090,1154,18144,Thu Jan 29 21:14:18 +0000 2009,True,False,315.0,92.0,129.0,126.0,662.0,57,27
381664207,caitlinnowens,"Owens, Caitlin N.",Axios,Healthcare Reporter,F,5749,907,4405,Wed Sep 28 18:30:25 +0000 2011,True,False,137.0,61.0,81.0,373.0,652.0,57,9
167024520,rachaelmbade,"Bade, Rachel M.",Politico,Congress Reporter,F,30164,1580,6647,Thu Jul 15 15:35:28 +0000 2010,True,False,346.0,227.0,58.0,170.0,801.0,56,26
247852986,rachanadixit,"Pradhan, Rachana D.",Politico,Healthcare Reporter,F,6178,1250,3731,Sat Feb 05 18:18:14 +0000 2011,True,False,71.0,53.0,54.0,82.0,260.0,55,14
237477771,juliehdavis,"Davis, Julie",New York Times,White House Reporter,F,49821,808,5557,Wed Jan 12 23:04:39 +0000 2011,True,False,186.0,99.0,19.0,106.0,410.0,55,10
36607254,Oriana0214,"Pawlyk, Oriana",Military.com,Air War Reporter,F,6397,2912,24911,Thu Apr 30 05:48:35 +0000 2009,True,False,293.0,405.0,296.0,560.0,1554.0,55,4
28181835,jpaceDC,"Pace, Julie",Associated Press,White House Correspondent,F,46017,579,6922,Wed Apr 01 20:05:09 +0000 2009,True,False,101.0,9.0,14.0,86.0,210.0,52,30
48144950,JudyWoodruff,"Woodruff, Judy",PBS NewsHour,Journalist / Anchor,F,64294,875,4347,Wed Jun 17 22:35:48 +0000 2009,True,False,144.0,20.0,19.0,9.0,192.0,49,7
89820928,mitchellreports,"Mitchell, Andrea",NBC News,Chief News Correspondent,F,1388543,1079,32973,Fri Nov 13 23:28:11 +0000 2009,True,False,500.0,93.0,21.0,809.0,1423.0,47,24
18637396,SaraMurray,"Murray, Sara",CNN,White House Correspondent,F,51918,1142,13094,Mon Jan 05 17:13:12 +0000 2009,True,False,63.0,61.0,30.0,387.0,541.0,47,18
240135871,emilyhholden,"Holden, Emily H.",E&E News,"Reporter, Climatewire",F,5200,2891,5805,Wed Jan 19 06:59:18 +0000 2011,True,False,220.0,61.0,175.0,139.0,595.0,47,17
119048111,barbarastarrcnn,"Starr, Barbara",CNN,Pentagon Correspondent,F,35410,947,9434,Tue Mar 02 14:22:12 +0000 2010,True,False,135.0,25.0,2.0,525.0,687.0,45,23
158072303,ValerieInsinna,"Insinna, Valerie",Defense News,Air Warfare Reporter,F,4572,681,10303,Mon Jun 21 18:11:02 +0000 2010,False,False,287.0,282.0,459.0,289.0,1317.0,45,5
292549803,PostRoz,"Helderman, Rosalind",Washington Post,Political Investigations & Enterprise Reporter,F,20966,1241,5187,Tue May 03 20:48:10 +0000 2011,True,False,116.0,1.0,7.0,27.0,151.0,44,20
189129306,kristinapet,"Peterson, Kristina",Wall Street Journal / Dow Jones,Congressional Reporter,F,6288,1250,4353,Fri Sep 10 13:20:18 +0000 2010,True,False,88.0,2.0,5.0,210.0,305.0,43,13
21215620,marykbruce,"Bruce, Mary",ABC News,Correspondent,F,12789,834,3583,Wed Feb 18 17:08:27 +0000 2009,True,False,137.0,33.0,0.0,49.0,219.0,42,17
32576041,ToryNewmyer,"Newmyer, Tory",Fortune Magazine,Washington Writer,F,1939,695,887,Fri Apr 17 20:49:12 +0000 2009,True,False,25.0,2.0,7.0,22.0,56.0,42,7
297532865,kwelkernbc,"Welker, Kristen",NBC News,White House Correspondent,F,99234,2679,2970,Thu May 12 17:28:26 +0000 2011,True,False,41.0,5.0,0.0,0.0,46.0,41,18
550762459,sfpathe,"Pathe, Simone F.",CQ Roll Call,Senior Political Reporter,F,2972,2683,5607,Wed Apr 11 06:46:22 +0000 2012,True,False,126.0,29.0,31.0,116.0,302.0,41,12
16149614,jrovner,"Rovner, Julie",Kaiser Health News,Chief Washington Correspondent,F,21844,1608,14541,Fri Sep 05 21:12:34 +0000 2008,True,False,181.0,479.0,381.0,747.0,1788.0,40,19
154985728,katieglueck,"Glueck, Katie",McClatchy Newspapers,Senior Political Correspondent,F,14135,4156,16534,Sat Jun 12 19:55:06 +0000 2010,True,False,116.0,115.0,64.0,254.0,549.0,39,16
16031927,greta,"Van Susteren, Greta",MSNBC,"Anchor, For the Record",F,1186850,2146,116645,Thu Aug 28 20:04:54 +0000 2008,True,False,907.0,3069.0,22.0,794.0,4792.0,37,28
103087786,deirdrewalshcnn,"Walsh, Deirdre",CNN,Senior Congressional Reporter & Producer,F,15069,1793,11995,Fri Jan 08 21:17:01 +0000 2010,True,False,243.0,52.0,3.0,104.0,402.0,37,17
48581849,anitakumar01,"Kumar, Anita",McClatchy Newspapers,White House Correspondent,F,11040,1900,17353,Fri Jun 19 02:33:21 +0000 2009,True,False,494.0,33.0,0.0,71.0,598.0,35,12
47837269,tparti,"Parti, Tarini",BuzzFeed,Reporter,F,8214,1060,5883,Wed Jun 17 03:16:35 +0000 2009,True,False,142.0,34.0,80.0,234.0,490.0,34,8
116953703,ellengilmer,"Gilmer, Ellen M.",E&E News,Legal Reporter,F,2217,707,7564,Wed Feb 24 02:47:04 +0000 2010,False,False,101.0,40.0,26.0,90.0,257.0,34,6
22077368,lesleyclark,"Clark, Lesley",McClatchy Newspapers,National Correspondent,F,5045,997,20292,Thu Feb 26 23:13:11 +0000 2009,True,False,317.0,84.0,2.0,554.0,957.0,34,5
130945778,mollyesque,"Ball, Molly",The Atlantic,Staff Writer,F,116857,2932,35617,Thu Apr 08 20:30:19 +0000 2010,True,False,108.0,29.0,196.0,102.0,435.0,33,22
78694788,heatherscope,"Caygle, Heather Nicole",Politico,Reporter,F,5777,1594,12045,Wed Sep 30 20:02:16 +0000 2009,True,False,71.0,199.0,104.0,291.0,665.0,32,16
42703163,SarahKarlin,"Karlin, Sarah",Politico,"Pharma, Politics, & Policy Reporter",F,6953,2010,13873,Tue May 26 19:50:18 +0000 2009,True,False,178.0,123.0,203.0,433.0,937.0,32,10
14999172,HMNorthey,"Northey, Hannah M.",E&E News,Energy Reporter,F,4732,1677,5734,Tue Jun 03 23:57:16 +0000 2008,False,False,89.0,59.0,70.0,464.0,682.0,32,10
21307076,SusanPage,"Page, Susan",USA Today,Washington Bureau Chief,F,48675,1158,18176,Thu Feb 19 15:24:13 +0000 2009,True,False,97.0,192.0,50.0,135.0,474.0,31,15
46417885,eschor,"Schor, Elana",Politico,Congressional Reporter,F,11691,697,11767,Thu Jun 11 15:58:38 +0000 2009,True,False,197.0,97.0,100.0,250.0,644.0,31,15
50854062,nhheikkinen,"Heikkinen, Niina H.",E&E News,"Reporter, Climatewire",F,1124,1283,861,Fri Jun 26 01:05:31 +0000 2009,False,False,31.0,26.0,16.0,31.0,104.0,31,13
37865281,lindsaywise,"Wise, Lindsay",Kansas City Star,Washington Correspondent,F,3748,5000,17045,Tue May 05 05:22:06 +0000 2009,False,False,306.0,114.0,16.0,1013.0,1449.0,31,9
16261513,KilloughCNN,"Killough, Ashley",CNN,Political Producer,F,20017,1887,11115,Fri Sep 12 19:00:38 +0000 2008,True,False,135.0,31.0,4.0,33.0,203.0,30,15
46447090,karoun,"Demirjian, Karoun",Washington Post,National Security & Foreign Policy Reporter,F,8209,1951,15104,Thu Jun 11 18:04:29 +0000 2009,False,False,107.0,94.0,19.0,389.0,609.0,30,15
188857501,alexis_levinson,"Levinson, Alexis R.",BuzzFeed,Reporter,F,25375,1859,21249,Thu Sep 09 19:19:59 +0000 2010,True,False,242.0,56.0,82.0,272.0,652.0,29,11
26520417,nancook,"Cook, Nancy M.",Politico,Senior Reporter,F,5219,1627,5502,Wed Mar 25 15:36:00 +0000 2009,False,False,55.0,20.0,19.0,167.0,261.0,28,16
37965812,AnnieLinskey,"Linskey, Annie",Boston Globe,Chief National Correspondent,F,13401,1726,13385,Tue May 05 17:00:30 +0000 2009,True,False,222.0,89.0,25.0,224.0,560.0,28,11
142896252,jendlouhyhc,"Dlouhy, Jennifer",Hearst Newspapers,Energy & Environment Reporter,F,17714,2955,9605,Wed May 12 01:33:15 +0000 2010,True,False,67.0,15.0,18.0,0.0,100.0,26,15
474974313,bridgetbhc,"Bowman, Bridget M.",CQ Roll Call,Senior Reporter,F,4188,1362,7432,Thu Jan 26 15:05:55 +0000 2012,False,False,194.0,44.0,23.0,91.0,352.0,26,13
33653195,ericawerner,"Werner, Erica",Associated Press,Congressional Correspondent,F,14049,644,4274,Mon Apr 20 20:36:14 +0000 2009,True,False,319.0,53.0,45.0,45.0,462.0,25,18
116341480,RosieGray,"Gray, Rosie",The Atlantic,Staff Writer,F,96935,2044,62369,Mon Feb 22 03:27:53 +0000 2010,True,False,231.0,161.0,172.0,419.0,983.0,24,17
46817943,brikeilarcnn,"Keilar, Brianna",CNN,Senior Washington Correspondent,F,105276,1009,4968,Sat Jun 13 03:39:35 +0000 2009,True,False,52.0,30.0,6.0,68.0,156.0,24,10
60763047,vgmac,"McGrane, Victoria",Boston Globe,Political Reporter,F,8524,1559,18724,Tue Jul 28 00:50:40 +0000 2009,True,False,160.0,169.0,118.0,526.0,973.0,23,4
437625094,jessicaschulb,"Schulberg, Jessica",Huffington Post,Foreign Affairs Reporter,F,9220,2262,8904,Thu Dec 15 16:57:02 +0000 2011,True,False,48.0,39.0,58.0,310.0,455.0,22,13
314099893,Chemnipot,"Chemnick, Jean M.",E&E News,Reporter,F,1253,371,391,Thu Jun 09 18:21:58 +0000 2011,False,False,6.0,3.0,2.0,13.0,24.0,22,9
57124794,annaedney,"Edney, Anna",Bloomberg News,Health Reporter,F,5323,646,3080,Wed Jul 15 20:19:26 +0000 2009,True,False,95.0,9.0,47.0,172.0,323.0,22,6
70511174,Hadas_Gold,"Gold, Hadas",Politico,Media Reporter,F,45221,1254,32595,Mon Aug 31 21:51:59 +0000 2009,True,False,492.0,175.0,122.0,778.0,1567.0,21,16
757893380,elianayjohnson,"Johnson, Eliana",Politico,National Political Reporter,F,27170,1468,14040,Tue Aug 14 21:08:52 +0000 2012,True,False,96.0,75.0,37.0,365.0,573.0,21,15
217083195,dliebelson,"Liebelson, Dana",Huffington Post,Reporter,F,15731,999,13401,Thu Nov 18 14:54:42 +0000 2010,True,False,154.0,35.0,31.0,185.0,405.0,21,12
105925025,siobhanehughes,"Hughes, Siobhan",Wall Street Journal / Dow Jones,Capitol Hill Reporter,F,3615,1511,1605,Sun Jan 17 23:33:12 +0000 2010,True,False,74.0,1.0,3.0,122.0,200.0,21,12
18983793,ShannonBream,"Bream, Shannon",Fox News,Correspondent,F,217167,1308,24925,Wed Jan 14 17:21:51 +0000 2009,True,False,146.0,118.0,4.0,59.0,327.0,21,9
17517737,klunney,"Lunney, Kellie",E&E News,Reporter,F,620,363,1008,Thu Nov 20 18:25:41 +0000 2008,False,False,5.0,2.0,3.0,12.0,22.0,21,7
30927826,LFFriedman,"Friedman, Lisa F.",E&E News,"Editor, Climatewire",F,15577,1329,19177,Mon Apr 13 18:48:58 +0000 2009,False,False,135.0,35.0,267.0,119.0,556.0,20,14
705706292,rebeccaballhaus,"Ballhaus, Rebecca",Wall Street Journal / Dow Jones,"Reporter, White House & Money in Politics",F,24638,1758,12004,Thu Jul 19 20:12:07 +0000 2012,True,False,397.0,77.0,6.0,218.0,698.0,20,11
16910688,apeterka,"Peterka, Amanda E.",E&E News,Legal Reporter,F,2242,606,6389,Wed Oct 22 18:56:20 +0000 2008,False,False,174.0,33.0,7.0,73.0,287.0,20,8
4607,nancyscola,"Scola, Nancy",Politico,Tech & Politics Reporter,F,10069,1572,16387,Tue Aug 22 21:19:43 +0000 2006,True,False,133.0,68.0,47.0,178.0,426.0,20,7
370489880,JoanneKenen,"Kenen, Joanne L.",Politico,"Executive Editor, Health",F,14762,1545,14992,Fri Sep 09 03:27:12 +0000 2011,True,False,204.0,148.0,129.0,360.0,841.0,19,14
63188873,PamelaBrownCNN,"Brown, Pamela",CNN,Justice & Supreme Court Correspondent,F,26961,1281,1999,Wed Aug 05 17:03:38 +0000 2009,True,False,1.0,4.0,0.0,8.0,13.0,19,10
22772264,carolelee,"Lee, Carol",Wall Street Journal / Dow Jones,White House Correspondent,F,31840,1376,2641,Wed Mar 04 13:49:56 +0000 2009,True,False,8.0,6.0,0.0,17.0,31.0,18,12
55394190,ASimendinger,"Simendinger, Alexis",RealClearPolitics,White House Correspondent,F,10072,1005,13370,Thu Jul 09 23:07:26 +0000 2009,False,False,510.0,16.0,51.0,310.0,887.0,18,12
15483390,tamarakeithNPR,"Keith, Tamara",National Public Radio,White House Correspondent,F,85683,1569,17433,Fri Jul 18 17:08:25 +0000 2008,True,False,148.0,149.0,315.0,531.0,1143.0,18,11
37721714,bykowicz,"Bykowicz, Julie",Associated Press,White House Reporter,F,12326,1006,14004,Mon May 04 18:33:35 +0000 2009,True,False,83.0,165.0,55.0,362.0,665.0,18,11
264025526,elizacollins1,"Collins, Eliza S.",USA Today,Congressional Reporter,F,6695,3241,7772,Fri Mar 11 05:35:11 +0000 2011,True,False,381.0,199.0,58.0,361.0,999.0,18,11
52282776,leonardkl,"Leonard, Kimberly L.",U.S. News & World Report,Senior Healthcare Writer,F,7901,5443,19222,Tue Jun 30 03:03:08 +0000 2009,True,False,473.0,66.0,227.0,398.0,1164.0,18,7
18577789,DebraAlfarone,"Alfarone, Debra",WUSA–TV,Anchor,F,9039,5270,23985,Sat Jan 03 11:22:20 +0000 2009,True,False,321.0,48.0,44.0,91.0,504.0,18,6
173925279,susanferrechio,"Ferrechio, Susan",Washington Examiner,Chief Congressional Correspondent,F,6467,1683,5893,Mon Aug 02 18:07:14 +0000 2010,True,False,124.0,121.0,39.0,133.0,417.0,18,6
114887629,LisaMascaro,"Mascaro, Lisa",Los Angeles Times,"Congress Reporter, LA Times & Chicago Tribune",F,5321,1554,13285,Tue Feb 16 23:02:43 +0000 2010,True,False,404.0,86.0,7.0,288.0,785.0,18,6
769641584,GloriaBorger,"Borger, Gloria",CNN,Chief Political Analyst,F,44817,1279,1145,Mon Aug 20 14:42:22 +0000 2012,True,False,20.0,22.0,0.0,306.0,348.0,17,16
48075643,CoralMDavenport,"Davenport, Coral",New York Times,Energy & Environment Policy Reporter,F,36155,2785,4929,Wed Jun 17 19:10:40 +0000 2009,True,False,10.0,0.0,1.0,101.0,112.0,17,11
122735017,dsupervilleap,"Superville, Darlene",Associated Press,White House Reporter,F,7636,1088,12854,Sat Mar 13 18:24:21 +0000 2010,True,False,353.0,25.0,6.0,193.0,577.0,17,11
43996908,KattyKayBBC,"Kay, Katty",BBC,Anchor,F,94929,623,15975,Mon Jun 01 23:01:34 +0000 2009,True,False,158.0,189.0,3.0,801.0,1151.0,17,8
46309291,AlliemalCNN,"Malloy, Allison",CNN,White House Producer,F,3671,744,3798,Thu Jun 11 04:00:00 +0000 2009,True,False,59.0,16.0,9.0,43.0,127.0,16,10
114050808,LisaDNews,"Estes, Diane",PBS NewsHour,Producer,F,28838,843,18502,Sat Feb 13 23:28:22 +0000 2010,True,False,177.0,61.0,63.0,24.0,325.0,16,7
243470492,AndreaMcCarren,"McCarren, Andrea",WUSA–TV,Multimedia Journalist / Reporter,F,11420,3720,20714,Thu Jan 27 03:27:17 +0000 2011,True,False,148.0,7.0,158.0,462.0,775.0,16,7
357162119,AlexGangitano,"Gangitano, Alexandra",CQ Roll Call,"Reporter, Heard on the Hill",F,2415,616,4755,Wed Aug 17 23:14:26 +0000 2011,True,False,209.0,57.0,19.0,296.0,581.0,16,7
49620730,AliABCNews,"Rogin, Ali",ABC News,Digital Reporter,F,21140,5071,12830,Mon Jun 22 13:01:32 +0000 2009,True,False,259.0,85.0,70.0,131.0,545.0,16,6
77032777,apalmerdc,"Palmer, Anna A.",Politico,Senior Washington Correspondent,F,30523,1702,5388,Thu Sep 24 20:18:35 +0000 2009,True,False,24.0,28.0,3.0,66.0,121.0,15,11
118245138,woodruffbets,"Woodruff, Betsy",Daily Beast,Politics Reporter,F,55976,4655,23685,Sun Feb 28 02:02:40 +0000 2010,True,False,338.0,19.0,162.0,257.0,776.0,15,8
185680080,MaggieSeverns,"Severns, Maggie",Politico,Reporter,F,5676,1800,7350,Wed Sep 01 15:38:49 +0000 2010,True,False,39.0,15.0,4.0,83.0,141.0,15,7
38855868,brennawilliams,"Williams, Brenna",CNN,Video Producer,F,7299,1212,23346,Sat May 09 13:53:36 +0000 2009,True,False,235.0,53.0,225.0,96.0,609.0,15,6
258157507,jeannasmialek,"Smialek, Jeanna",Bloomberg News,Economy Reporter,F,4430,1077,4307,Sun Feb 27 02:50:02 +0000 2011,True,False,43.0,1.0,4.0,15.0,63.0,15,5
1152617791,MeghannReports,"Myers, Meghann",Sightline Media Group,Staff Writer,F,1256,189,5037,Wed Feb 06 01:59:39 +0000 2013,True,False,34.0,11.0,2.0,12.0,59.0,15,5
25011411,linda_feldmann,"Feldmann, Linda",Christian Science Monitor,Washington Bureau Chief & White House Correspondent,F,1845,775,3688,Wed Mar 18 02:33:12 +0000 2009,True,False,15.0,0.0,4.0,36.0,55.0,15,4
48459553,KatiePavlich,"Pavlich, Catherine",Townhall,Editor,F,408290,1515,42252,Thu Jun 18 19:29:32 +0000 2009,True,False,243.0,184.0,7.0,142.0,576.0,15,3
299877078,johnson_carrie,"Johnson, Carrie",National Public Radio,Correspondent,F,19721,1724,16162,Mon May 16 20:38:23 +0000 2011,True,False,133.0,170.0,45.0,282.0,630.0,14,11
154909422,eliseviebeck,"Viebeck, Elise J.",Washington Post,National Reporter,F,11453,2821,4769,Sat Jun 12 15:13:24 +0000 2010,True,False,138.0,32.0,7.0,104.0,281.0,14,10
191469176,sarahnferris,"Ferris, Sarah N.",Politico,Budget & Appropriations Reporter,F,4784,1315,7293,Thu Sep 16 14:48:08 +0000 2010,True,False,163.0,63.0,113.0,67.0,406.0,14,8
17601988,helenecooper,"Cooper, Helene",New York Times,Pentagon Correspondent,F,8775,323,562,Mon Nov 24 21:38:36 +0000 2008,True,False,7.0,0.0,2.0,0.0,9.0,14,7
376234071,louiseradnofsky,"Radnofsky, Louise",Wall Street Journal / Dow Jones,White House & Health Policy Reporter,F,10529,2484,3666,Mon Sep 19 14:54:36 +0000 2011,True,False,119.0,0.0,1.0,209.0,329.0,14,6
24167813,janjeffcoat,"Jeffcoat, Jan",WUSA–TV,News Anchor,F,7849,2904,11387,Fri Mar 13 13:12:50 +0000 2009,True,False,156.0,285.0,2.0,24.0,467.0,14,3
6904552,juliemason,"Mason, Julie",Sirius XM Satellite Radio,Radio Host of Press Poll,F,31276,1715,29214,Tue Jun 19 01:25:55 +0000 2007,True,False,43.0,107.0,852.0,211.0,1213.0,13,11
76611108,nahaltoosi,"Toosi, Nahal",Politico,Foreign Affairs Correspondent,F,9603,1128,10221,Wed Sep 23 10:32:14 +0000 2009,True,False,161.0,157.0,84.0,254.0,656.0,13,10
240879503,BBCRajiniV,"Vaidyanathan, Rajini",BBC,Anchor & Correspondent,F,14146,3961,13197,Thu Jan 20 23:32:42 +0000 2011,True,False,388.0,149.0,92.0,174.0,803.0,13,9
16061946,kelmej,"Mejdrich, Kellie",CQ Roll Call,Appropriations & Budget Reporter,F,4146,4539,18794,Sun Aug 31 03:20:17 +0000 2008,True,False,641.0,280.0,594.0,613.0,2128.0,13,9
151444950,DaviSusan,"Davis, Susan",National Public Radio,Congressional Reporter,F,27297,3344,7325,Thu Jun 03 12:33:41 +0000 2010,True,False,90.0,104.0,165.0,179.0,538.0,13,6
437838346,VeraMBergen,"Bergengruen, Vera",McClatchy Newspapers,National Correspondent,F,5345,2250,12108,Thu Dec 15 22:06:36 +0000 2011,True,False,325.0,138.0,51.0,213.0,727.0,13,6
36776808,fschouten,"Schouten, Fredreka",USA Today,Reporter,F,3416,1420,4160,Thu Apr 30 21:23:11 +0000 2009,True,False,56.0,3.0,2.0,17.0,78.0,13,6
203226736,SharylAttkisson,"Attkisson, Sharyl",Sinclair Broadcast Group,Investigative Journalist,F,132973,4483,24539,Fri Oct 15 20:25:13 +0000 2010,True,False,260.0,216.0,1458.0,220.0,2154.0,13,5
1132012321,DaniellaMicaela,"Diaz, Daniella",CNN,"Reporter, CNN Politics",F,14612,999,14114,Tue Jan 29 20:05:07 +0000 2013,True,False,694.0,257.0,557.0,569.0,2077.0,12,10
2342371519,TaraCopp,"Copp, Tara",Washington Examiner,Pentagon Correspondent,F,4220,1118,4535,Thu Feb 13 18:01:19 +0000 2014,True,False,235.0,31.0,57.0,89.0,412.0,12,8
240737573,amenasaiyid,"Saiyid, Amena H.",Bloomberg BNA,Water Reporter,F,1426,1190,9896,Thu Jan 20 16:38:31 +0000 2011,True,False,59.0,43.0,37.0,253.0,392.0,12,8
45399148,jeneps,"Epstein, Jennifer",Bloomberg News,Political Reporter,F,61242,1519,40082,Sun Jun 07 19:02:54 +0000 2009,True,False,385.0,111.0,241.0,68.0,805.0,12,7
112597035,felschwartz,"Schwartz, Felicia",Wall Street Journal / Dow Jones,Foreign Affairs Reporter,F,4818,3256,4908,Tue Feb 09 02:22:03 +0000 2010,True,False,124.0,22.0,27.0,155.0,328.0,12,7
14081659,jacqklimas,"Klimas, Jacqueline",Washington Examiner,Defense Reporter,F,4462,959,13769,Wed Mar 05 04:19:36 +0000 2008,True,False,209.0,33.0,30.0,136.0,408.0,12,7
18947832,AnnieYuFox5,"Yu, Annie",WTTG–Fox Television,Anchor,F,14869,3063,39722,Tue Jan 13 18:46:43 +0000 2009,True,False,545.0,790.0,303.0,112.0,1750.0,12,6
183351903,maryagnescarey,"Carey, Mary Agnes",Kaiser Health News,Partnerships Editor & Senior Correspondent,F,9046,643,9818,Thu Aug 26 20:01:59 +0000 2010,False,False,171.0,32.0,9.0,364.0,576.0,12,6
25026217,SarahBreit,"Breitenbach, Sarah",Stateline.org,Reporrter,F,674,510,1134,Wed Mar 18 04:14:03 +0000 2009,False,False,25.0,2.0,0.0,3.0,30.0,12,4
2999641283,alexis_s_kramer,"Kramer, Alexis S.",Bloomberg BNA,"Legal Editor, Electronic Commerce & Law Report",F,276,498,276,Mon Jan 26 13:40:34 +0000 2015,True,False,19.0,0.0,0.0,8.0,27.0,12,2
263473924,ElizLanders,"Landers, Elizabeth",CNN,White House Producer,F,16020,1266,18108,Thu Mar 10 03:15:18 +0000 2011,True,False,355.0,96.0,56.0,89.0,596.0,11,9
370491805,sarahcwestwood,"Westwood, Sarah",Washington Examiner,White House Correspondent,F,13727,522,8607,Fri Sep 09 03:32:34 +0000 2011,True,False,230.0,22.0,21.0,131.0,404.0,11,9
19195094,RebeccaShabad,"Shabad, Rebecca Danielle",CBS News,Politics Reporter,F,8149,2273,76634,Mon Jan 19 18:38:52 +0000 2009,True,False,416.0,432.0,161.0,1520.0,2529.0,11,9
78397856,JordynPhelps,"Phelps, Jordyn",ABC News,White House Reporter,F,3738,1105,2202,Tue Sep 29 19:45:47 +0000 2009,True,False,22.0,3.0,0.0,16.0,41.0,11,9
83636590,rbravender,"Bravender, Robin L.",E&E News,Envrionemental Politics Reporter,F,2059,770,643,Mon Oct 19 16:36:14 +0000 2009,False,False,18.0,1.0,1.0,36.0,56.0,11,7
56552341,LACaldwellDC,"Caldwell, Leigh Ann",NBC News,Politics Reporter,F,8464,999,5615,Tue Jul 14 00:46:14 +0000 2009,True,False,199.0,83.0,17.0,61.0,360.0,11,6
462169232,ec_schneider,"Schneider, Elena C.",Politico,Campaign Reporter,F,4784,1161,13108,Thu Jan 12 17:03:02 +0000 2012,True,False,217.0,97.0,12.0,229.0,555.0,11,6
234186830,HeidiPrzybyla,"Przybyla, Heidi",USA Today,Sr Politics Reporter,F,21792,1064,9101,Wed Jan 05 01:32:51 +0000 2011,True,False,215.0,139.0,24.0,408.0,786.0,11,4
2321099287,ShoChandra,"Chandra, Shobhana",Bloomberg News,Reporter,F,577,217,549,Fri Jan 31 17:03:54 +0000 2014,False,False,5.0,0.0,0.0,0.0,5.0,11,4
26061966,phuffdaddy,"Huff, Priscilla",Feature Story News,Producer & Correspondent,F,1111,1719,15814,Mon Mar 23 18:46:28 +0000 2009,True,False,393.0,309.0,96.0,229.0,1027.0,11,2
163995093,AlexNBCNews,"Moe, Alexandra",NBC News,Capitol Hill Producer,F,21689,1467,20174,Wed Jul 07 19:50:44 +0000 2010,True,False,287.0,162.0,8.0,256.0,713.0,10,9
76715323,NinaTotenberg,"Totenberg, Nina",National Public Radio,Correspondent,F,79234,66,853,Wed Sep 23 18:24:04 +0000 2009,True,False,53.0,5.0,6.0,4.0,68.0,10,8
238259855,ChrisJansing,"Jansing, Christine",NBC News,Correspondent / Anchor,F,64999,1200,11202,Fri Jan 14 19:08:03 +0000 2011,True,False,269.0,3.0,0.0,5.0,277.0,10,7
55369810,KateBennett_DC,"Bennett, Kate G.",CNN,White House Reporter,F,20609,992,19672,Thu Jul 09 21:34:30 +0000 2009,True,False,468.0,274.0,98.0,38.0,878.0,10,7
24844300,MKhan47,"Khan, Mariam",ABC News,Reporter & Producer,F,5054,1666,11611,Tue Mar 17 05:17:34 +0000 2009,True,False,267.0,25.0,17.0,198.0,507.0,10,7
26953478,hbottemiller,"Bottemiller Evich, Helena",Politico,Senior Food & Agriculture Reporter,F,14242,3455,15146,Fri Mar 27 04:55:33 +0000 2009,True,False,94.0,38.0,80.0,45.0,257.0,10,6
37063081,ArielWittenberg,"Wittenberg, Ariel",E&E News,Water Reporter,F,1568,1150,1807,Fri May 01 22:35:02 +0000 2009,False,False,43.0,2.0,17.0,27.0,89.0,10,6
78623653,KDooleyYoung,"Young, Kerry",CQ Roll Call,Reporter,F,2336,1189,8196,Wed Sep 30 15:06:50 +0000 2009,False,False,67.0,111.0,18.0,302.0,498.0,10,5
70512637,RebeccaBeitsch,"Beitsch, Rebecca",Stateline.org,State Policy Reporter,F,531,222,2802,Mon Aug 31 21:58:30 +0000 2009,False,False,51.0,15.0,5.0,40.0,111.0,10,4
24692390,pamelalauren,"King, Pamela",E&E News,"Reporter, Energywire",F,1104,579,2832,Mon Mar 16 13:45:48 +0000 2009,False,False,58.0,2.0,0.0,34.0,94.0,10,2
93502694,SusanJCornwell,"Cornwell, Susan",Thomson Reuters,Congressional Correspondent,F,225,475,105,Sun Nov 29 23:09:54 +0000 2009,False,False,7.0,0.0,0.0,0.0,7.0,10,1
14049145,JNSmall,"Newton-Small, Jay",Time Magazine,Contributor,F,19548,1303,13508,Wed Feb 27 14:39:24 +0000 2008,True,False,188.0,40.0,0.0,86.0,314.0,9,8
55896443,lbarronlopez,"Barron-Lopez, Laura",Huffington Post,Congress Reporter,F,6739,2301,12572,Sat Jul 11 18:40:26 +0000 2009,True,False,66.0,42.0,56.0,103.0,267.0,9,8
875580120,MaraLiasson,"Liasson, Mara",National Public Radio,Correspondent,F,21734,785,462,Fri Oct 12 13:00:48 +0000 2012,True,False,6.0,33.0,1.0,134.0,174.0,9,7
176417261,darcyspencer,"Spencer, Darcy",WRC–TV / NBC–4,Reporter,F,11253,5381,28069,Mon Aug 09 13:47:55 +0000 2010,False,False,367.0,8.0,13.0,447.0,835.0,9,7
167511780,lindsemcpherson,"McPherson, Lindsey",CQ Roll Call,House Leadership Reporter,F,2404,1608,5026,Fri Jul 16 19:45:21 +0000 2010,True,False,108.0,40.0,27.0,46.0,221.0,9,7
15159913,JFKucinich,"Kucinich, Jacqueline",Daily Beast,Washington Bureau Chief,F,31210,2527,14109,Wed Jun 18 17:04:23 +0000 2008,True,False,35.0,60.0,32.0,150.0,277.0,9,6
177028305,KFaulders,"Faulders, Katherine",ABC News,White House Correspondent,F,24568,2530,10197,Wed Aug 11 02:08:54 +0000 2010,True,False,86.0,28.0,7.0,186.0,307.0,9,6
906734342,KimberlyRobinsn,"Robinson, Kimberly S.",Bloomberg BNA,Supreme Court Reporter,F,7170,311,8773,Fri Oct 26 20:32:46 +0000 2012,True,False,193.0,5.0,344.0,98.0,640.0,9,5
233933608,eunyangnbc,"Yang, Eun",WRC–TV / NBC–4,Anchor,F,20888,747,11602,Tue Jan 04 13:13:06 +0000 2011,True,False,89.0,28.0,35.0,17.0,169.0,9,4
35027698,ErinMcPike,"McPike, Erin",Independent Journal Review,White House Correspondent,F,27744,2193,10836,Fri Apr 24 20:21:13 +0000 2009,True,False,52.0,17.0,13.0,14.0,96.0,9,2
231454384,skinnerliz,"Skinner, Liz",Crain Communications,"Reporter, InvestmentNews",F,6626,657,6408,Tue Dec 28 15:31:44 +0000 2010,True,False,121.0,2.0,4.0,112.0,239.0,9,1
36259543,AndreaArenas1,"Arenas, Andrea",Feature Story News,English & Spanish-Language Correspondent,F,465,1197,1248,Wed Apr 29 02:28:21 +0000 2009,False,False,10.0,9.0,1.0,49.0,69.0,9,1
50011708,margbrennan,"Brennan, Margaret",CBS News,White House & Foreign Affairs Correspondent,F,52179,3130,46758,Tue Jun 23 15:48:05 +0000 2009,True,False,171.0,139.0,7.0,1866.0,2183.0,8,7
22451908,fran_chambers,"Chambers, Francesca",Daily Mail,White House Correspondent,F,15352,2827,5886,Mon Mar 02 04:43:46 +0000 2009,True,False,163.0,19.0,32.0,52.0,266.0,8,7
12859772,ha_nah_nah,"Hess, Hannah C.",E&E News,Climate Reporter,F,4868,1529,15893,Wed Jan 30 03:32:00 +0000 2008,True,False,94.0,20.0,8.0,116.0,238.0,8,7
885149478,JenGriffinFNC,"Griffin, Jennifer",Fox News,National Security Correspondent,F,70666,284,6770,Tue Oct 16 19:42:55 +0000 2012,True,False,90.0,17.0,0.0,280.0,387.0,8,6
212674482,PaulaReidCBS,"Reid, Paula",CBS News,Justice Correspondent,F,15096,2072,6664,Sat Nov 06 18:45:01 +0000 2010,True,False,123.0,55.0,14.0,84.0,276.0,8,6
18991439,KateDavidson,"Davidson-Choma, Kate",Wall Street Journal / Dow Jones,Fed & U.S. Economy Reporter,F,6759,1146,9620,Wed Jan 14 19:38:38 +0000 2009,True,False,75.0,38.0,51.0,187.0,351.0,8,6
16223917,leslifoster,"Foster Mathewson, Lesli",WUSA–TV,News Anchor,F,6048,3311,9514,Wed Sep 10 17:15:06 +0000 2008,True,False,92.0,121.0,12.0,71.0,296.0,8,5
18794402,abuddy,"Roane Skehan, Andrea",WUSA–TV,Anchor / Reporter,F,5063,2237,5502,Fri Jan 09 06:22:00 +0000 2009,True,False,51.0,8.0,14.0,100.0,173.0,8,5
134870834,kackleyZ,"Ackley, Kate",CQ Roll Call,"Reporter, Influence and Money",F,2830,2482,8790,Mon Apr 19 17:51:06 +0000 2010,False,False,16.0,0.0,0.0,110.0,126.0,8,5
216549433,squinton_states,"Quinton, Sophie A.",Pew Charitable Trusts,"Reporter, Stateline",F,1276,1437,6360,Wed Nov 17 02:07:41 +0000 2010,False,False,116.0,4.0,3.0,88.0,211.0,8,5
135991437,cherylbolen,"Bolen, Cheryl",Bloomberg BNA,White House Reporter,F,1988,589,6591,Thu Apr 22 18:54:01 +0000 2010,True,False,274.0,7.0,39.0,169.0,489.0,8,4
361974796,ceboudreau,"Boudreau, Catherine",Politico,Food & Agricultural Policy Reporter,F,1769,1331,3314,Thu Aug 25 16:58:36 +0000 2011,True,False,32.0,17.0,4.0,66.0,119.0,8,4
632992714,KimberlyRailey,"Railey, Kimberly Grace",National Journal,Political Reporter,F,1733,1501,3442,Wed Jul 11 15:35:50 +0000 2012,True,False,118.0,3.0,0.0,59.0,180.0,8,4
2561575580,JBergal,"Bergal, Jenni",Stateline.org,Reporter and Investigative Journalist,F,202,33,800,Wed Jun 11 15:40:27 +0000 2014,False,False,35.0,0.0,0.0,2.0,37.0,8,4
21774229,amycarlile,"Carlile, Amy V.",E&E News,"Editor, EnergyWire",F,2696,1513,5719,Tue Feb 24 17:32:59 +0000 2009,False,False,222.0,40.0,14.0,161.0,437.0,8,3
63347727,alvittorio,"Vittorio, Andrea L.",Bloomberg BNA,Corporate Government & Sustainability Reporter,F,916,2403,413,Thu Aug 06 02:55:32 +0000 2009,True,False,0.0,0.0,1.0,56.0,57.0,8,3
21443773,MelindaKCMO,"Henneberger, Melinda",Kansas City Star,Editorial Writer and Columnist,F,10767,999,11231,Fri Feb 20 22:56:59 +0000 2009,False,False,19.0,23.0,1.0,56.0,99.0,8,2
163313441,ravindranize,"Ravindranath, Mohana",Government Executive,"Fed Tech Reporter, Nextgov",F,2005,1341,1289,Tue Jul 06 02:54:18 +0000 2010,True,False,7.0,21.0,3.0,38.0,69.0,8,2
339177761,lmarkoe,"Markoe, Lauren",Religion News Service,National Reporter,F,2186,1280,2697,Wed Jul 20 18:09:52 +0000 2011,False,False,73.0,0.0,1.0,9.0,83.0,8,1
159655293,TalKopan,"Kopan, Tal",CNN,Political Reporter,F,10995,1239,21597,Sat Jun 26 00:20:40 +0000 2010,True,False,289.0,151.0,197.0,105.0,742.0,7,7
14870670,KateNocera,"Nocera, Kate",BuzzFeed,DC Bureau Chief,F,27714,1807,29707,Thu May 22 17:06:36 +0000 2008,True,False,191.0,77.0,207.0,809.0,1284.0,7,6
219481669,erika_news,"Gonzalez, Erika",WRC–TV / NBC–4,Anchor / Reporter,F,10532,977,16920,Thu Nov 25 00:13:13 +0000 2010,True,False,55.0,91.0,13.0,226.0,385.0,7,6
179546580,EricaMartinson,"Martinson, Erica L.",Alaska Dispatch News,Washington Correspondent,F,7003,1078,8754,Tue Aug 17 15:20:03 +0000 2010,True,False,120.0,143.0,54.0,358.0,675.0,7,6
17881467,rebeccagberg,"Berg, Rebecca",RealClearPolitics,National Political Reporter,F,48798,1508,29831,Thu Dec 04 22:21:08 +0000 2008,True,False,99.0,118.0,78.0,356.0,651.0,7,5
1025521,Shawna,"Thomas, Shawna",Vice News,DC Bureau Chief,F,21355,7929,33486,Mon Mar 12 16:57:58 +0000 2007,True,False,118.0,56.0,79.0,49.0,302.0,7,5
119107959,Arianedevogue,"de Vogue, Ariane",CNN,Supreme Court Reporter,F,7010,368,4039,Tue Mar 02 18:02:09 +0000 2010,True,False,86.0,6.0,5.0,103.0,200.0,7,5
250912539,cimarcos,"Marcos, Cristina",The Hill,House Reporter,F,7099,1736,11647,Sat Feb 12 02:08:04 +0000 2011,True,False,239.0,35.0,23.0,185.0,482.0,7,4
24484939,hookjan,"Hook, Janet",Wall Street Journal / Dow Jones,National Politics Reporter,F,5458,831,3335,Sun Mar 15 04:13:26 +0000 2009,True,False,84.0,8.0,2.0,89.0,183.0,7,4
1499145156,tcberenson,"Berenson, Tessa C.",Time Magazine,Reporter,F,2327,1865,3726,Mon Jun 10 19:37:15 +0000 2013,True,False,85.0,17.0,15.0,55.0,172.0,7,4
171565750,rachel_roubein,"Roubein, Rachel",The Hill,"Senior Healthcare Reporter, The Hill Extra",F,986,777,1768,Tue Jul 27 17:05:14 +0000 2010,False,False,124.0,15.0,42.0,44.0,225.0,7,4
19975672,espovich,"Povich, Elaine",Stateline.org,Journalist,F,592,1098,2751,Tue Feb 03 15:01:51 +0000 2009,False,False,48.0,0.0,8.0,12.0,68.0,7,4
608419783,MaureenUmehFox5,"Umeh, Maureen",WTTG–Fox Television,News Anchor / Reporter / Host,F,8068,570,2770,Thu Jun 14 19:25:31 +0000 2012,True,False,8.0,74.0,2.0,17.0,101.0,7,3
132517191,trowynt,"O’Brien, Jane",BBC,Washington Correspondent,F,1501,1362,2985,Tue Apr 13 13:17:56 +0000 2010,False,False,19.0,5.0,9.0,74.0,107.0,7,3
45160107,teresawiltz,"Wiltz, Teresa",Stateline.org,Senior Staff Writer,F,1029,585,1554,Sat Jun 06 16:22:52 +0000 2009,False,False,32.0,1.0,2.0,16.0,51.0,7,3
79262286,christinevestal,"Vestal, Christine",Stateline.org,Healthcare Journalist,F,365,267,632,Fri Oct 02 19:11:10 +0000 2009,False,False,26.0,0.0,0.0,0.0,26.0,7,3
182627613,obrienc2,"O’Brien, Cortney",Townhall,Managing News Editor,F,2269,1383,33021,Wed Aug 25 01:15:08 +0000 2010,True,False,548.0,224.0,53.0,343.0,1168.0,7,2
325277943,Curious_Kurz,"Kurzius, Rachel",DCist,Associate Editor,F,1973,1250,11555,Tue Jun 28 01:25:20 +0000 2011,False,False,208.0,148.0,177.0,165.0,698.0,7,2
4492722868,JacklynWille,"Wille, Jacklyn",Bloomberg BNA,Retirement & Health Reporter,F,526,397,1293,Tue Dec 15 14:02:35 +0000 2015,True,False,71.0,28.0,10.0,41.0,150.0,7,2
239857777,Indira_L,"Lakashmanan, Indira",Boston Globe,Washington Columnist,F,19203,4163,37406,Tue Jan 18 15:57:48 +0000 2011,True,False,142.0,258.0,173.0,944.0,1517.0,6,6
57751453,AthenaCNN,"Jones, Athena",CNN,White House Correspondent,F,21698,3633,4830,Fri Jul 17 20:41:46 +0000 2009,True,False,21.0,19.0,11.0,29.0,80.0,6,5
14630267,nataliewsj,"Andrews, Natalie",Wall Street Journal / Dow Jones,Social Media Editor & Congress Reporter,F,12739,2467,35324,Fri May 02 19:55:44 +0000 2008,True,False,178.0,51.0,62.0,115.0,406.0,6,5
21797658,laurameckler,"Meckler, Laura",Wall Street Journal / Dow Jones,Immigration & Demographics,F,8698,603,2645,Tue Feb 24 21:06:37 +0000 2009,True,False,22.0,4.0,1.0,17.0,44.0,6,5
137734165,ashleyrgold,"Gold, Ashley",Politico,Technology Reporter,F,4089,1400,21083,Tue Apr 27 15:58:36 +0000 2010,True,False,87.0,89.0,184.0,391.0,751.0,6,5
158826094,eemershon,"Mershon, Erin",CQ Roll Call,Health Policy Reporter,F,3812,1440,2168,Wed Jun 23 19:15:47 +0000 2010,True,False,35.0,17.0,4.0,78.0,134.0,6,5
284639726,AndreaDrusch,"Drusch, Andrea Michelle",National Journal,Reporter,F,2534,1770,4466,Tue Apr 19 17:30:55 +0000 2011,True,False,63.0,10.0,7.0,31.0,111.0,6,5
15219854,OhMyGOFF,"Goff, Angie",WRC–TV / NBC–4,Reporter / Broadcast Journalist,F,55947,18197,79321,Tue Jun 24 14:22:52 +0000 2008,True,False,499.0,112.0,651.0,38.0,1300.0,6,4
19145536,SimmonsFox5,"Simmons, Sarah",WTTG–Fox Television,Anchor,F,11435,1266,6706,Sun Jan 18 14:35:37 +0000 2009,True,False,11.0,33.0,9.0,27.0,80.0,6,4
257508417,TraceeWilkins,"Wilkins, Tracee",WRC–TV / NBC–4,Bureau Chief,F,7566,1065,4957,Fri Feb 25 15:38:31 +0000 2011,True,False,116.0,18.0,4.0,138.0,276.0,6,4
16635505,mgroppe,"Groppe, Maureen",Gannett Washington Bureau,"Washington Correspondent, USA Today & Indy Star",F,3445,1334,8307,Tue Oct 07 19:44:39 +0000 2008,True,False,239.0,225.0,27.0,355.0,846.0,6,4
15529730,aviswanatha,"Viswanatha, Aruna",Wall Street Journal,Justice Department & White Collar Crime Reporter,F,1411,697,1148,Tue Jul 22 12:21:21 +0000 2008,False,False,10.0,2.0,0.0,4.0,16.0,6,4
347404913,RamirezReports,"Ramirez, Stephanie",WUSA–TV,Reporter / Multimedia Journalist,F,3725,3718,9762,Tue Aug 02 19:06:09 +0000 2011,True,False,135.0,55.0,28.0,185.0,403.0,6,3
303434772,emilyakopp,"Kopp, Emily",Kaiser Health News,Investigative Reporter,F,1339,1106,6046,Sun May 22 21:23:56 +0000 2011,False,False,35.0,12.0,13.0,85.0,145.0,6,3
233985354,AmandaBecker,"Becker, Amanda",Thomson Reuters,Financial Regulation Reporter,F,5610,1179,22732,Tue Jan 04 15:47:24 +0000 2011,True,False,338.0,175.0,53.0,531.0,1097.0,6,2
15567780,JenJudson,"Judson, Jennifer",Defense News,Reporter,F,5505,2115,9973,Wed Jul 23 17:30:04 +0000 2008,True,False,375.0,66.0,92.0,172.0,705.0,6,2
243337600,Emma_Dumain,"Dumain, Emma",Charleston Post and Courier,D.C. Correspondent,F,9415,1353,13334,Wed Jan 26 20:48:06 +0000 2011,False,False,383.0,224.0,66.0,411.0,1084.0,5,5
614542142,DonnaCassataAP,"Cassata, Donna",Associated Press,Congressional News Editor,F,3687,3052,15977,Thu Jun 21 20:17:03 +0000 2012,False,False,445.0,0.0,7.0,1467.0,1919.0,5,5
824116194,EvieBlad,"Blad, Evie",Education Week,Reporter,F,3012,1549,9868,Fri Sep 14 22:40:30 +0000 2012,False,False,58.0,44.0,161.0,252.0,515.0,5,5
21662510,mljamrisko,"Jamrisko, Michelle",Bloomberg News,U.S. Economy Reporter,F,2175,1079,3629,Mon Feb 23 15:54:00 +0000 2009,True,False,45.0,13.0,7.0,9.0,74.0,5,5
316645569,dshesgreen,"Shesgreen, Deirdre",Gannett Washington Bureau,"Washington Correspondent (OH, MO)",F,1654,794,6141,Mon Jun 13 19:14:06 +0000 2011,False,False,202.0,82.0,1.0,469.0,754.0,5,5
104938186,rachelpleven,"Leven, Rachel P.",Bloomberg BNA,Environmental Reporter,F,1643,808,3613,Thu Jan 14 21:27:47 +0000 2010,True,False,29.0,4.0,4.0,28.0,65.0,5,5
224320485,KellyO,"O’Donnell, Kelly",NBC News,Political Reporter,F,148476,1899,19654,Wed Dec 08 18:09:52 +0000 2010,True,False,522.0,85.0,7.0,28.0,642.0,5,4
93876666,JessicaTaylor,"Taylor, Jessica",National Public Radio,Political Reporter,F,25941,4498,36547,Tue Dec 01 15:09:09 +0000 2009,True,False,236.0,209.0,98.0,331.0,874.0,5,4
11680962,jmsummers,"Summers, Juana",CNN,Senior writer,F,18711,1315,45629,Mon Dec 31 06:50:35 +0000 2007,True,False,14.0,17.0,4.0,43.0,78.0,5,4
18501487,leighmunsil,"Munsil, Leigh",CNN,"Breaking News Editor, CNN Politics",F,11059,7251,46962,Wed Dec 31 07:00:52 +0000 2008,True,False,153.0,127.0,211.0,529.0,1020.0,5,4
15826822,rachelweinerwp,"Weiner, Rachel",Washington Post,Northern Virginia Reporter,F,10657,1125,10703,Tue Aug 12 19:32:11 +0000 2008,True,False,39.0,5.0,9.0,127.0,180.0,5,4
16228326,ckmarie,"Foran, Clare M.",The Atlantic,Politics Writer,F,8119,4388,8896,Wed Sep 10 21:06:57 +0000 2008,True,False,214.0,35.0,68.0,149.0,466.0,5,4
83462293,SarahMMimms,"Mimms, Sarah",BuzzFeed,Editor,F,6216,1676,15361,Sun Oct 18 22:29:29 +0000 2009,True,False,422.0,253.0,471.0,712.0,1858.0,5,4
15523344,KristenBerset,"Berset, Kristen",WUSA–TV,Sports Anchor,F,5196,1483,8951,Tue Jul 22 00:34:32 +0000 2008,True,False,1.0,13.0,0.0,9.0,23.0,5,4
249996517,MikaylaBouchard,"Bouchard, Mikayla",New York Times,Staff Editor,F,3610,2110,3125,Thu Feb 10 05:52:13 +0000 2011,True,False,5.0,4.0,3.0,31.0,43.0,5,4
19125732,esullivannyt,"Sullivan, Eileen",Associated Press,Reporter,F,3332,742,354,Sat Jan 17 22:07:13 +0000 2009,False,False,3.0,0.0,0.0,6.0,9.0,5,4
21212087,Olivianuzzi,"Nuzzi, Olivia",New York,Washington Correspondent,F,136276,999,55302,Wed Feb 18 16:33:13 +0000 2009,False,False,322.0,83.0,432.0,143.0,980.0,5,3
3372900155,samtayrey,"Reyes, Samantha",CNN,Assignment Editor,F,10344,6689,4783,Sun Jul 12 21:07:30 +0000 2015,True,False,165.0,86.0,933.0,165.0,1349.0,5,3
322830431,JulieCareyNBC,"Carey, Julie",WRC–TV / NBC–4,Northern Virginia Bureau Chief,F,8686,1718,9086,Thu Jun 23 20:25:17 +0000 2011,True,False,156.0,26.0,3.0,0.0,185.0,5,3
30722743,Rene_MarshCNN,"Marsh, Rene",CNN,Government Regulation & Transportation Correspondent,F,7960,957,5098,Sun Apr 12 21:13:29 +0000 2009,True,False,23.0,0.0,8.0,29.0,60.0,5,3
20336988,Briannaehley,"Ehley, Brianna Megan",Politico,Healthcare Reporter,F,3537,2603,9535,Sat Feb 07 22:12:51 +0000 2009,True,False,46.0,24.0,11.0,222.0,303.0,5,3
273700859,kpolantz,"Polantz, Katelyn J.",National Law Journal,Law Firms & Lobbying Reporter,F,2483,2069,11507,Tue Mar 29 00:36:09 +0000 2011,True,False,149.0,43.0,156.0,116.0,464.0,5,3
506375545,OswaldRachel,"Oswald, Rachel",CQ Roll Call,"Foreign Policy Reporter, CQ Now",F,1950,544,2011,Mon Feb 27 20:43:38 +0000 2012,False,False,39.0,15.0,10.0,163.0,227.0,5,3
58812520,Christa_Mars,"Marshall, Christa L.N.",E&E News,Reporter,F,1095,792,1710,Tue Jul 21 14:43:17 +0000 2009,False,False,17.0,1.0,2.0,71.0,91.0,5,3
126719717,JenniferYachnin,"Yachnin, Jennifer",E&E News,Reporter,F,788,912,1051,Fri Mar 26 19:42:06 +0000 2010,False,False,64.0,13.0,3.0,21.0,101.0,5,3
28049266,ajjaffe,"Jaffe, Alexandra",Vice News,"Producer, Vice News Tonight",F,28675,2453,33603,Wed Apr 01 04:19:21 +0000 2009,True,False,49.0,39.0,20.0,73.0,181.0,5,2
612679579,MarciaCoyle,"Coyle, Marcia",National Law Journal,Chief Washington Correspondent,F,9005,349,504,Tue Jun 19 16:28:53 +0000 2012,False,False,10.0,6.0,2.0,34.0,52.0,5,2
16812908,crousselle,"Rousselle, Christine",Townhall,Managing Web Editor,F,5327,1051,118713,Thu Oct 16 19:49:05 +0000 2008,True,False,445.0,208.0,1089.0,609.0,2351.0,5,2
412791809,mchalfant16,"Chalfant, Morgan Mary",The Hill,Cybersecurity Reporter,F,2471,1051,4121,Tue Nov 15 04:06:04 +0000 2011,True,False,13.0,7.0,3.0,54.0,77.0,5,2
319744306,AMBankstw,"Banks, Adelle",Religion News Service,Production Editor/National Reporter,F,1642,36,1987,Sat Jun 18 17:18:21 +0000 2011,False,False,57.0,31.0,3.0,4.0,95.0,5,2
20549736,joycefr,"Frieden, Joyce",MedPage Today,News Editor,F,1226,1066,2475,Tue Feb 10 21:49:42 +0000 2009,False,False,6.0,6.0,5.0,14.0,31.0,5,1
77852581,LEBassett,"Bassett, Laura",Huffington Post,Women & Politics Reporter,F,13406,1458,7669,Sun Sep 27 22:35:52 +0000 2009,True,False,13.0,7.0,11.0,35.0,66.0,4,4
808840952,ellisonbarber,"Barber, Ellison",Fox News,Correspondent,F,11019,180,7731,Fri Sep 07 13:06:54 +0000 2012,True,False,62.0,15.0,82.0,447.0,606.0,4,4
21878635,ArletteSaenz,"Saenz, Arlette",ABC News,White House Reporter & Producer,F,9096,2105,12450,Wed Feb 25 15:49:25 +0000 2009,True,False,94.0,25.0,5.0,92.0,216.0,4,4
15485844,khefling,"Hefling, Kimberly A.",Politico,Senior Education Writer,F,7184,4697,3443,Fri Jul 18 20:18:43 +0000 2008,True,False,9.0,3.0,1.0,71.0,84.0,4,4
21326212,JenniferWishon,"Wishon, Jennifer",CBN News,White House Correspondent,F,4012,990,5008,Thu Feb 19 18:45:43 +0000 2009,False,False,129.0,15.0,19.0,49.0,212.0,4,4
142359854,marinakoren,"Koren, Marina",The Atlantic,Reporter,F,3029,2513,14581,Mon May 10 17:40:10 +0000 2010,True,False,38.0,7.0,66.0,37.0,148.0,4,4
269579030,DoreyScheimer,"Scheimer, Dorey",Cox Broadcasting,Washington Producer,F,2639,1197,13591,Mon Mar 21 02:09:25 +0000 2011,True,False,204.0,123.0,106.0,155.0,588.0,4,4
351034720,WheelerLydia,"Wheeler, Lydia W",The Hill,Federal Regulations & Supreme Court Reporter,F,1795,1341,1768,Mon Aug 08 17:56:55 +0000 2011,True,False,27.0,6.0,3.0,8.0,44.0,4,4
517633752,ACrutchfield14,"Crutchfield, Abigail",CNN,Political Producer,F,1499,356,455,Wed Mar 07 14:23:57 +0000 2012,False,False,26.0,7.0,0.0,63.0,96.0,4,4
426396509,LA_Hagen,"Hagen, Lisa",The Hill,Political Reporter,F,1024,1320,1841,Fri Dec 02 05:48:42 +0000 2011,False,False,88.0,9.0,34.0,26.0,157.0,4,4
303898942,MichLKosinski,"Kosinski, Michelle",CNN,Senior Diplomatic Correspondent,F,32883,613,6562,Mon May 23 16:08:37 +0000 2011,True,False,255.0,9.0,65.0,53.0,382.0,4,3
21027715,CarrieNBCNews,"Dann, Caroline",NBC News,Political Editor,F,31819,1106,11963,Mon Feb 16 21:04:53 +0000 2009,True,False,99.0,20.0,3.0,29.0,151.0,4,3
18996618,eliselabottcnn,"Labott, Elise",CNN,Global Affairs Correspondent,F,28582,3303,6708,Wed Jan 14 21:25:44 +0000 2009,True,False,29.0,9.0,27.0,47.0,112.0,4,3
153181367,CHueyBurns,"Huey-Burns, Caitlin",RealClearPolitics,National Political Reporter,F,15987,1742,11891,Mon Jun 07 22:17:11 +0000 2010,True,False,284.0,127.0,26.0,99.0,536.0,4,3
262691862,maryaliceparks,"Parks, Maryalice",ABC News,"Producer & Reporter, Captiol Hill",F,12281,975,4615,Tue Mar 08 15:20:56 +0000 2011,True,False,123.0,33.0,7.0,71.0,234.0,4,3
125182878,LauraTrevelyan,"Trevelyan, Laura",BBC,Anchor,F,5754,1143,6251,Mon Mar 22 00:22:54 +0000 2010,True,False,160.0,37.0,43.0,69.0,309.0,4,3
451231386,MeaganNBCDC,"Fitzgerald, Megan",WRC–TV / NBC–4,Reporter,F,4857,1188,6541,Sat Dec 31 05:51:02 +0000 2011,True,False,151.0,2.0,2.0,22.0,177.0,4,3
257069028,MeganMcGrath4,"McGrath, Megan",WRC–TV / NBC–4,Reporter,F,4540,329,1878,Thu Feb 24 17:21:05 +0000 2011,True,False,59.0,0.0,0.0,6.0,65.0,4,3
25112718,SerenaMarsh,"Marshall, Serena",ABC News,Multi-Platform Reporter,F,4461,1468,16089,Wed Mar 18 17:31:02 +0000 2009,True,False,175.0,171.0,32.0,525.0,903.0,4,3
185206779,ABC7Bri,"Carter, Brianne",WJLA–TV / Newschannel 8,Transportation Reporter,F,4042,991,16115,Tue Aug 31 13:20:54 +0000 2010,True,False,260.0,35.0,36.0,210.0,541.0,4,3
17679229,TiffanyStecker,"Stecker, Tiffany Anne",Bloomberg BNA,Biotech & Pesticides Reporter,F,3022,2359,7275,Thu Nov 27 14:36:56 +0000 2008,True,False,79.0,27.0,16.0,120.0,242.0,4,3
123878155,LianaLoewus,"Heitin, Liana",Education Week,Reporter,F,2975,719,2653,Wed Mar 17 13:59:53 +0000 2010,False,False,49.0,1.0,3.0,33.0,86.0,4,3
56475632,MonicaTrauzzi,"Trauzzi, Monica","Environment & Energy Publishing, LLC",managing editor for anchor and video at e&E news,F,2849,906,2519,Mon Jul 13 19:59:13 +0000 2009,False,False,3.0,0.0,3.0,20.0,26.0,4,3
217550103,ngaudiano,"Gaudiano Albright, Nicole",Gannett Washington Bureau,"Washington Correspondent (NY, VT, DE, MD.)",F,2210,932,2099,Fri Nov 19 20:58:54 +0000 2010,True,False,97.0,6.0,1.0,61.0,165.0,4,3
223732445,DJAliMeyer,"Meyer, Alison",Washington Free Beacon,Reporter,F,2171,552,921,Tue Dec 07 05:20:52 +0000 2010,False,False,0.0,0.0,1.0,14.0,15.0,4,3
15582894,rebeccamkern,"Kern, Rebecca M.",Bloomberg BNA,Energy Policy Reporter,F,2139,2657,1927,Thu Jul 24 14:58:04 +0000 2008,True,False,86.0,8.0,3.0,142.0,239.0,4,3
16222086,ggrayson,"Grayson, Gisele",National Public Radio,Producer,F,1531,1224,1753,Wed Sep 10 15:12:24 +0000 2008,False,False,9.0,7.0,3.0,29.0,48.0,4,3
1009749229,PerryECooper,"Cooper, Perry Elizabeth",Bloomberg BNA,"Senior Editor, Class Action Litigation Reporter",F,1117,478,6779,Thu Dec 13 21:19:38 +0000 2012,True,False,89.0,117.0,43.0,220.0,469.0,4,3
16248209,Geneva_Sands,"Sands-Sadowitz, Geneva",Univision,Justice and Homeland Security Reporter,F,810,523,3536,Thu Sep 11 21:37:53 +0000 2008,True,False,43.0,1.0,1.0,24.0,69.0,4,3
3461197721,nogryskoWFED,"Ogrysko, Nicole",Federal News Radio 1500 AM,"Reporter, Federal Government",F,356,166,533,Thu Aug 27 20:27:31 +0000 2015,False,False,70.0,1.0,3.0,2.0,76.0,4,3
27055034,SabrinaSiddiqui,"Siddiqui, Sabrina",Guardian US,Political Reporter,F,53835,1122,53508,Fri Mar 27 17:45:08 +0000 2009,True,False,287.0,62.0,25.0,395.0,769.0,4,2
12577632,ElizabethPrann,"Prann, Elizabeth",Fox News,reporter @foxnews,F,21311,520,2384,Wed Jan 23 03:05:00 +0000 2008,True,False,11.0,13.0,9.0,36.0,69.0,4,2
109431937,mollymotoole,"O’Toole, Molly M.",Foreign Policy,Senior Reporter,F,8921,3103,17765,Fri Jan 29 01:25:29 +0000 2010,True,False,76.0,40.0,23.0,693.0,832.0,4,2
15704971,sarahdwire,"Wire, Sarah",Los Angeles Times,Congressional Reporter,F,5473,1186,17584,Sat Aug 02 21:31:33 +0000 2008,True,False,335.0,50.0,39.0,252.0,676.0,4,2
2375574151,KatieBoWill,"Williams, Katherine B.",The Hill,National Security Reporter,F,5338,621,6858,Thu Mar 06 16:00:08 +0000 2014,True,False,297.0,191.0,71.0,188.0,747.0,4,2
117932428,Sara_Reardon,"Reardon, Sara N.",Nature,Biomedical Research & Policy Reporter,F,3029,812,2061,Sat Feb 27 02:42:02 +0000 2010,True,False,21.0,13.0,23.0,25.0,82.0,4,2
200709323,hopeyen1,"Yen, Hope",Associated Press,National Reporter,F,784,258,693,Sun Oct 10 01:21:04 +0000 2010,True,False,13.0,0.0,0.0,72.0,85.0,4,2
2194802730,BronwynMixter,"Mixter, Bronwyn",Bloomberg BNA,"Reporter, Pharmaceutical Law & Industry Report",F,353,151,1011,Thu Nov 14 20:15:22 +0000 2013,True,False,22.0,1.0,3.0,96.0,122.0,4,2
183735745,Julie_appleby,"Appleby, Julie",Kaiser Health News,Senior Reporter,F,11397,91,518,Fri Aug 27 19:28:11 +0000 2010,False,False,30.0,5.0,0.0,12.0,47.0,4,1
303394187,ldemarcofox5,"DeMarco, Lauren",WTTG–Fox Television,Anchor & Reporter,F,9540,2168,6721,Sun May 22 19:57:55 +0000 2011,True,False,67.0,58.0,22.0,62.0,209.0,4,1
116197447,KateFisherTV,"Fisher, Kate",Feature Story News,Reporter,F,3543,1816,4336,Sun Feb 21 14:51:15 +0000 2010,False,False,19.0,4.0,3.0,7.0,33.0,4,1
141070024,photojeskos,"Koscielniak, Jessica",McClatchy,Video Journalist,F,1437,1659,2938,Fri May 07 03:25:42 +0000 2010,True,False,7.0,1.0,16.0,4.0,28.0,4,1
1468117987,JennyMandel1,"Mandel, Jennifer A.",E&E News,"Reporter, Energywire",F,467,453,2002,Wed May 29 19:41:15 +0000 2013,False,False,13.0,53.0,6.0,130.0,202.0,4,1
298637806,sehansard,"Hansard, Sara E.",Bloomberg BNA,Federal Health Insurance Regulation Reporter,F,107,25,213,Sat May 14 17:26:13 +0000 2011,False,False,10.0,0.0,0.0,0.0,10.0,4,1
14688489,lynnsweet,"Sweet, Lynn",Chicago Sun-Times,Columnist & Washington Bureau Chief,F,33195,1,21069,Wed May 07 16:37:02 +0000 2008,True,False,283.0,10.0,1.0,9.0,303.0,3,3
56081005,HannahAllam,"Allam, Hannah",McClatchy Newspapers,"Reporter, Race, Culture & Identity",F,28409,6028,44561,Sun Jul 12 12:22:40 +0000 2009,True,False,34.0,26.0,25.0,698.0,783.0,3,3
21702539,nancycordes,"Cordes, Nancy",CBS News,Congressional Correspondent,F,16646,428,1840,Mon Feb 23 22:35:47 +0000 2009,True,False,11.0,0.0,2.0,1.0,14.0,3,3
119897487,yjtorbati,"Torbati, Yeganeh",Thomson Reuters,State Department Reporter,F,13292,1029,8364,Thu Mar 04 22:06:38 +0000 2010,True,False,86.0,32.0,53.0,99.0,270.0,3,3
307982591,JaxAlemany,"Alemany, Jacqueline",CBS News,White House Reporter,F,12000,1890,7300,Mon May 30 16:43:13 +0000 2011,True,False,153.0,77.0,18.0,376.0,624.0,3,3
14540264,amyfiscus,"Fiscus, Amy",Los Angeles Times,White House Editor,F,7096,488,13571,Sat Apr 26 05:37:34 +0000 2008,True,False,106.0,41.0,102.0,97.0,346.0,3,3
36764306,libcasey,"Casey, Elizabeth",Washington Post,"Video Host, Politics",F,5415,3965,4186,Thu Apr 30 20:33:51 +0000 2009,False,False,85.0,18.0,3.0,90.0,196.0,3,3
48795600,ckubeNBC,"Kube, Courtney",NBC News,National Security Producer,F,5403,238,237,Fri Jun 19 19:05:45 +0000 2009,False,False,21.0,3.0,0.0,9.0,33.0,3,3
12811862,ailsachang,"Chang, Ailsa",National Public Radio,Correspondent,F,4661,160,574,Tue Jan 29 02:35:07 +0000 2008,True,False,5.0,0.0,11.0,13.0,29.0,3,3
14766917,arelisrhdz,"Hernandez, Arelis",Washington Post,Reporter,F,4517,2046,20613,Wed May 14 00:27:25 +0000 2008,True,False,68.0,10.0,4.0,179.0,261.0,3,3
1166242050,kwrightnbc4,"Wright, Kristin",WRC–TV / NBC–4,Reporter,F,4296,1108,6636,Sun Feb 10 15:45:50 +0000 2013,True,False,116.0,19.0,40.0,36.0,211.0,3,3
94418344,mirandacgreen,"Green, Miranda",Scripps News,Reporter,F,4095,2109,17623,Thu Dec 03 21:31:21 +0000 2009,True,False,264.0,43.0,20.0,67.0,394.0,3,3
100802089,ayesharascoe,"Rascoe, Ayesha",Thomson Reuters,White House Correspondent,F,3559,906,557,Thu Dec 31 16:48:11 +0000 2009,False,False,4.0,7.0,12.0,17.0,40.0,3,3
334388427,MoletteGreen,"Green, Molette",WRC–TV / NBC–4,Reporter,F,2770,2211,4083,Wed Jul 13 01:01:22 +0000 2011,False,False,77.0,0.0,16.0,21.0,114.0,3,3
239974061,dberrygannett,"Berry, Deborah",Gannett Washington Bureau,"Washington Correspondent (Louis., Miss.)",F,2410,377,5673,Tue Jan 18 21:38:55 +0000 2011,True,False,206.0,23.0,5.0,140.0,374.0,3,3
45265448,MZanona,"Zanona, Melanie",The Hill,Staff Writer,F,2268,1583,3514,Sun Jun 07 02:24:32 +0000 2009,True,False,166.0,23.0,25.0,12.0,226.0,3,3
570158749,CMorelloWP,"Morello, Carol",Washington Post,Diplomatic Correspondent,F,2128,68,120,Thu May 03 17:46:39 +0000 2012,False,False,2.0,0.0,0.0,0.0,2.0,3,3
363048803,ARiquier,"Riquier, Andrea",MarketWatch,Housing Reporter,F,1810,721,10506,Sat Aug 27 12:56:46 +0000 2011,True,False,133.0,82.0,107.0,67.0,389.0,3,3
329719319,shogustus,"Augustus, Shannon",C–SPAN,White House Producer,F,1075,1084,6288,Tue Jul 05 14:33:17 +0000 2011,False,False,39.0,3.0,6.0,85.0,133.0,3,3
397478799,TheOtherKeppler,"Keppler, Kristin Wilson",CNN,"Senior Producer, Capitol Hill",F,974,860,4206,Mon Oct 24 19:01:01 +0000 2011,False,False,88.0,98.0,99.0,162.0,447.0,3,3
109030713,JennBFoxNewsDC,"Bowman, Jennifer",Fox News,White House Producer,F,889,838,6290,Wed Jan 27 19:15:42 +0000 2010,False,False,15.0,13.0,16.0,14.0,58.0,3,3
2385642348,LaurettaBrown6,"Brown, Lauretta",TownHall,Editorial Coordinator,F,791,531,988,Wed Mar 12 18:27:50 +0000 2014,False,False,16.0,3.0,11.0,23.0,53.0,3,3
15727317,aterkel,"Terkel, Amanda",Huffington Post,Senior Political Reporter & Politics Managing Editor,F,78736,5996,40718,Mon Aug 04 20:24:44 +0000 2008,True,False,105.0,21.0,8.0,171.0,305.0,3,2
564028464,lisa_fletch,"Fletcher, Lisa",WJLA–TV / Newschannel 8,Investigative Reporter.,F,11611,982,9766,Thu Apr 26 18:45:06 +0000 2012,True,False,175.0,7.0,10.0,23.0,215.0,3,2
273576271,jackiebensen,"Bensen, Jackie",WRC–TV / NBC–4,Reporter,F,10465,6072,16032,Mon Mar 28 19:16:53 +0000 2011,True,False,102.0,132.0,3.0,109.0,346.0,3,2
56001656,kylieatwood,"Atwood, Kylie",CBS News,State Department Reporter,F,5412,2102,6267,Sun Jul 12 03:02:58 +0000 2009,True,False,183.0,86.0,2.0,403.0,674.0,3,2
78693573,acaldwellap,"Caldwell, Alicia",Associated Press,Immigration Reporter,F,3925,897,16735,Wed Sep 30 19:56:45 +0000 2009,True,False,239.0,17.0,5.0,409.0,670.0,3,2
172979014,rebekahmetzler,"Metzler, Rebekah",CNN,White House Editor,F,3537,296,15758,Sat Jul 31 03:03:39 +0000 2010,True,False,112.0,46.0,76.0,65.0,299.0,3,2
2251001292,RebeccaAdamsDC,"Adams, Rebecca",CQ Roll Call,Health Care Editor,F,1949,1034,2294,Tue Dec 17 21:35:09 +0000 2013,False,False,91.0,40.0,29.0,98.0,258.0,3,2
27756540,jordainc,"Carney, Jordain R.",The Hill,Senate Reporter,F,1931,1050,7719,Mon Mar 30 23:11:55 +0000 2009,False,False,237.0,68.0,36.0,48.0,389.0,3,2
89760116,AdriUsero,"Usero, Adriana",Washington Post,Video Producer,F,1210,847,6335,Fri Nov 13 18:23:53 +0000 2009,False,False,30.0,30.0,5.0,48.0,113.0,3,2
377016559,ErinVKelly,"Kelly, Erin",USA Today,Congressional Reporter,F,745,523,1099,Tue Sep 20 21:43:17 +0000 2011,False,False,88.0,12.0,1.0,31.0,132.0,3,2
2343897943,AmberCStrong,"Strong, Amber",CBN News,Reporter & White House Producer,F,649,1066,1945,Fri Feb 14 17:33:36 +0000 2014,False,False,57.0,21.0,0.0,122.0,200.0,3,2
132737162,MGongadze,"Gongadze, Myroslava",Voice of America,TV Anchor,F,94176,652,20260,Wed Apr 14 01:52:35 +0000 2010,True,False,514.0,13.0,10.0,620.0,1157.0,3,1
520766752,Dina_Maron,"Maron, Dina F.",Scientific American,Editor & Writer,F,3261,1400,4423,Sat Mar 10 21:53:47 +0000 2012,True,False,35.0,17.0,3.0,45.0,100.0,3,1
30226183,ABC7Suzanne,"Kennedy, Suzanne",WJLA–TV / Newschannel 8,Reporter,F,2794,1154,3613,Fri Apr 10 14:31:44 +0000 2009,True,False,95.0,12.0,10.0,9.0,126.0,3,1
15051061,anobleDC,"Noble, Andrea",Washington Times,Law Enforcement & Crime Reporter,F,2482,998,9033,Sun Jun 08 22:58:31 +0000 2008,False,False,161.0,35.0,32.0,51.0,279.0,3,1
34305464,anarvirji,"Virji, Anar",Aljazeera English,Producer,F,799,1598,10020,Wed Apr 22 15:42:28 +0000 2009,False,False,26.0,47.0,30.0,622.0,725.0,3,1
1281620174,MHobsonEENEWS,"Hobson, Margaret Kriz",E&E News,Alaska Energy & Environment Reporter,F,438,396,1341,Tue Mar 19 21:55:13 +0000 2013,False,False,2.0,2.0,1.0,73.0,78.0,3,1
31448660,nprAudie,"Cornish-Emery, Audie",National Public Radio,Co-Host NPR's All Things Considered,F,109314,905,5941,Wed Apr 15 16:34:06 +0000 2009,True,False,24.0,25.0,2.0,61.0,112.0,2,2
125656811,BBCBarbaraPlett,"Usher, Barbara",BBC,State Department Correspondent,F,27050,314,4960,Tue Mar 23 13:22:06 +0000 2010,True,False,224.0,14.0,8.0,57.0,303.0,2,2
16336098,KristinFisher,"Fisher, Kristin",Fox News,White House Correspondent,F,25437,384,5788,Wed Sep 17 20:03:50 +0000 2008,True,False,102.0,43.0,31.0,45.0,221.0,2,2
48038024,karentravers,"Travers, Karen",ABC News,White House Correspondent,F,17155,2329,28665,Wed Jun 17 17:24:43 +0000 2009,True,False,210.0,81.0,217.0,151.0,659.0,2,2
18825339,CahnEmily,"Cahn, Emily",Mic,Senior Politics Writer,F,16980,2134,100803,Sat Jan 10 03:19:50 +0000 2009,True,False,1440.0,1834.0,473.0,4449.0,8196.0,2,2
177336591,elizabethjdias,"Dias, Elizabeth J.",Time Magazine,Religion & Politics Correspondent,F,14654,2645,9106,Wed Aug 11 21:48:08 +0000 2010,True,False,20.0,21.0,21.0,40.0,102.0,2,2
1725864385,HollyLiveFox5DC,"Morris, Holly",WTTG–Fox Television,Anchor,F,13547,742,10846,Tue Sep 03 15:26:03 +0000 2013,True,False,40.0,50.0,99.0,48.0,237.0,2,2
47415772,JillDLawrence,"Lawrence, Jill Debra",USA Today,Commentary Editor & Columnist,F,13133,1889,31668,Mon Jun 15 19:13:39 +0000 2009,True,False,395.0,99.0,122.0,1089.0,1705.0,2,2
17869798,juliannagoldman,"Goldman, Julianna",CBS News,Correspondent,F,11231,1308,2921,Thu Dec 04 15:25:45 +0000 2008,False,False,13.0,5.0,1.0,44.0,63.0,2,2
147666113,BumillerNYT,"Bumiller, Elisabeth",New York Times,Washington Bureau Chief,F,6995,360,240,Mon May 24 18:46:19 +0000 2010,False,False,6.0,0.0,1.0,1.0,8.0,2,2
47758416,marissaaevans,"Evans, Marissa",Texas Tribune,Health & Human Services Policy Reporter,F,6850,4018,47343,Tue Jun 16 22:35:53 +0000 2009,True,False,113.0,212.0,266.0,651.0,1242.0,2,2
14655023,IleanaMDiaz,"Diaz Waldman, Ileana",WUSA–TV,Freelance Reporter & Anchor,F,6340,807,4376,Mon May 05 03:06:27 +0000 2008,False,False,5.0,3.0,1.0,0.0,9.0,2,2
109377487,lbaldor,"Baldor, Lolita",Associated Press,National Security/Pentagon Reporter,F,5491,120,532,Thu Jan 28 21:25:10 +0000 2010,True,False,24.0,0.0,1.0,18.0,43.0,2,2
61267358,TracyJan,"Jan, Tracy",Washington Post,Race & Economy Reporter,F,5423,2263,7458,Wed Jul 29 18:56:31 +0000 2009,True,False,216.0,58.0,55.0,96.0,425.0,2,2
109446583,RebeccaRKaplan,"Kaplan, Rebecca",CBS News,"Associate Producer, CBS Evening News",F,5391,1526,10329,Fri Jan 29 02:34:10 +0000 2010,True,False,23.0,11.0,4.0,18.0,56.0,2,2
28414093,MCJalonick,"Jalonick, Mary Clare",Associated Press,Congress & Food Policy Reporter,F,4915,1928,1964,Thu Apr 02 20:35:34 +0000 2009,False,False,44.0,0.0,0.0,50.0,94.0,2,2
172482310,News_with_Love,"Love, Alysha",CNN,Multi-Platform Editor,F,4799,1299,4278,Thu Jul 29 20:38:57 +0000 2010,True,False,32.0,13.0,16.0,43.0,104.0,2,2
105290832,c_cauterucci,"Cauterucci, Christina",Slate,Staff Writer,F,4458,1155,6965,Fri Jan 15 23:16:54 +0000 2010,True,False,47.0,28.0,30.0,42.0,147.0,2,2
366602165,levinecarrie,"Levine, Carrie",Center for Public Integrity,Money in Politics Reporter,F,4425,1188,8983,Fri Sep 02 13:39:16 +0000 2011,True,False,139.0,98.0,108.0,635.0,980.0,2,2
187770145,camilletuutti,"Tuutti, Camille A.",Government Executive,"Executive Editor, Nextgov",F,3616,1101,17722,Tue Sep 07 02:58:26 +0000 2010,True,False,74.0,24.0,189.0,48.0,335.0,2,2
139856067,deliangoncalves,"Goncalves Perry, Delia",WUSA–TV,Reporter,F,3552,2417,9287,Mon May 03 21:58:40 +0000 2010,True,False,58.0,30.0,6.0,55.0,149.0,2,2
16579911,alikodjakNPR,"Kodjak, Alison",National Public Radio,Correspondent,F,3453,738,7547,Fri Oct 03 16:27:11 +0000 2008,True,False,152.0,141.0,83.0,83.0,459.0,2,2
72473481,Maddie_Marshall,"Marshall, Madeline",Wall Street Journal,Video Journalist,F,2724,1364,12694,Tue Sep 08 04:44:03 +0000 2009,True,False,57.0,19.0,72.0,124.0,272.0,2,2
45128645,ajdukakis,"Dukakis, Alexandra",ABC News,Digital Political Reporter,F,2587,2469,6663,Sat Jun 06 13:28:17 +0000 2009,True,False,66.0,17.0,15.0,121.0,219.0,2,2
339728383,NinaMariaPotts,"Potts, Nina-Maria",Feature Story News,Director of News Coverage,F,2535,2084,5015,Thu Jul 21 15:24:57 +0000 2011,False,False,1.0,1.0,1.0,9.0,12.0,2,2
18992816,elysepg,"Perlmutter-Gumbiner, Elyse",NBC News,Producer,F,2502,571,5359,Wed Jan 14 20:08:52 +0000 2009,False,False,76.0,18.0,2.0,59.0,155.0,2,2
14375789,whitneyshefte,"Shefte, Whitney",Washingtonpost.com,Senior Video Journalist,F,2468,1506,2935,Sun Apr 13 16:00:19 +0000 2008,False,False,4.0,0.0,1.0,6.0,11.0,2,2
159217087,jackienortham,"Northam, Jackie",National Public Radio,Correspondent,F,2303,128,222,Thu Jun 24 19:51:59 +0000 2010,True,False,5.0,0.0,0.0,0.0,5.0,2,2
2259259550,KendallBreitman,"Breitman, Kendall P.",MSNBC,Segment Producer,F,2251,1064,7031,Mon Dec 23 18:32:06 +0000 2013,True,False,82.0,85.0,44.0,135.0,346.0,2,2
18992437,misswilson,"Wilson, Megan R.",The Hill,Lobbying & Advocacy Reporter,F,2168,1266,8968,Wed Jan 14 20:01:27 +0000 2009,False,False,58.0,88.0,162.0,127.0,435.0,2,2
2484564181,pamelafessler,"Fessler, Pam",National Public Radio,Correspondent,F,2114,137,974,Thu May 08 20:28:31 +0000 2014,False,False,47.0,54.0,9.0,96.0,206.0,2,2
486994518,MichelleTan32,"Tan, Michelle",Sightline Media Group,"Managing Editor, Army Times & Air Force Times",F,2060,613,1090,Wed Feb 08 22:04:24 +0000 2012,True,False,56.0,0.0,3.0,23.0,82.0,2,2
60602656,mcottle,"Cottle, M. Michelle",The Atlantic,Contributing Editor,F,1935,577,1948,Mon Jul 27 13:53:03 +0000 2009,False,False,86.0,78.0,14.0,28.0,206.0,2,2
105939814,vtg2,"Guida, Victoria T.",Politico,Economic Policy Reporter,F,1881,676,6059,Mon Jan 18 00:41:51 +0000 2010,True,False,86.0,26.0,99.0,143.0,354.0,2,2
813303104,EvaCStone,"Stone, Evie",National Public Radio,Producer,F,1857,1103,3549,Sun Sep 09 15:07:40 +0000 2012,True,False,28.0,14.0,39.0,23.0,104.0,2,2
284340330,shefalil,"Luthra, Shefali",Kaiser Health News,Reporter,F,1747,991,1822,Tue Apr 19 03:18:42 +0000 2011,True,False,24.0,11.0,14.0,11.0,60.0,2,2
96781334,APLaurieKellman,"Kellman Blazar, Laurie",Associated Press,Political Reporter,F,1733,4997,3408,Mon Dec 14 15:31:00 +0000 2009,False,False,34.0,7.0,1.0,143.0,185.0,2,2
237435487,KatherineSkiba,"Skiba, Katherine",Chicago Tribune,Washington Correspondent,F,1451,585,1525,Wed Jan 12 20:59:53 +0000 2011,False,False,40.0,3.0,0.0,68.0,111.0,2,2
96074197,juliepercha,"Percha, Julie",PBS NewsHour,Politics Producer,F,1451,1400,3412,Fri Dec 11 06:39:48 +0000 2009,True,False,63.0,18.0,3.0,63.0,147.0,2,2
17417739,laurapdavison,"Davison, Laura P.",Bloomberg BNA,Congress & Tax Reporter,F,1441,1897,2242,Sun Nov 16 03:51:33 +0000 2008,True,False,8.0,6.0,6.0,12.0,32.0,2,2
34435477,elvina_nawaguna,"Nawaguna, Elvina",CQ Roll Call,"Energy & Environment Reporter, CQ NOw",F,1397,2769,3002,Wed Apr 22 23:07:18 +0000 2009,False,False,98.0,20.0,15.0,55.0,188.0,2,2
40532337,emrwilkins,"Wilkins, Emily",CQ Roll Call,"Education & Labor Policy Reporter, CQ Now",F,1327,1501,3924,Sat May 16 20:08:19 +0000 2009,True,False,94.0,39.0,14.0,37.0,184.0,2,2
19250369,cphenicie,"Phenicie, Carolyn",The 74 Media,Education Reporter,F,1299,690,3118,Tue Jan 20 18:51:54 +0000 2009,True,False,65.0,2.0,2.0,33.0,102.0,2,2
50303740,JillianBHughes,"Hughes, Jillian",CBS News,White House Producer,F,1222,805,1035,Wed Jun 24 13:26:32 +0000 2009,True,False,23.0,0.0,1.0,14.0,38.0,2,2
3319089207,AmeliaFrappolli,"Frappolli, Amelia",CQ Roll Call,Congressional Reporter,F,1164,849,2688,Thu Jun 11 15:38:44 +0000 2015,False,False,209.0,83.0,99.0,88.0,479.0,2,2
487791792,drsuperville,"Superville, Denisa",Education Week,Reporter,F,1149,1294,4621,Thu Feb 09 19:01:50 +0000 2012,False,False,71.0,2.0,4.0,112.0,189.0,2,2
65962672,JonelleHenry,"Henry, Jonelle P.",C–SPAN,International Producer,F,1139,1347,10075,Sat Aug 15 19:43:01 +0000 2009,False,False,68.0,28.0,16.0,141.0,253.0,2,2
15430418,JaneNorman,"Norman, Jane",CQ Roll Call,Economy & Budget Editor,F,1071,440,2326,Mon Jul 14 18:45:28 +0000 2008,False,False,16.0,15.0,0.0,44.0,75.0,2,2
42854489,AshleySemlerBBC,"Semler, Ashley",BBC,Producer,F,1061,784,2023,Wed May 27 10:15:58 +0000 2009,False,False,35.0,3.0,1.0,7.0,46.0,2,2
121166620,kieferf,"Kiefer, Francine",Christian Science Monitor,Congressional Reporter,F,1039,275,2313,Mon Mar 08 16:47:54 +0000 2010,True,False,39.0,7.0,0.0,22.0,68.0,2,2
252773615,JusticeGGreen,"Gilpin-Green, Justice L.",The Hotline,Digital Editor,F,882,1032,711,Tue Feb 15 21:52:00 +0000 2011,True,False,49.0,15.0,9.0,38.0,111.0,2,2
161307835,metainthenews,"Viers, Meta",McClatchy,Video Producer,F,880,1306,9368,Wed Jun 30 14:24:40 +0000 2010,False,False,74.0,7.0,14.0,8.0,103.0,2,2
307469596,justaliceli,"Li, Alice",Washingtonpost.com,Video Reporter,F,680,1263,1592,Sun May 29 17:59:02 +0000 2011,False,False,28.0,11.0,7.0,65.0,111.0,2,2
22454166,AngelaMHill,"Hill, Angela",Scripps News,Investigative Journalist,F,520,817,837,Mon Mar 02 05:12:59 +0000 2009,False,False,19.0,0.0,1.0,12.0,32.0,2,2
111622423,rtiron,"Tiron, Roxana",Bloomberg News,Congress & National Security Reporter,F,462,172,789,Fri Feb 05 15:41:10 +0000 2010,False,False,23.0,3.0,7.0,143.0,176.0,2,2
66348830,kate_krup,"Krupnik, Kathryn",Fox News,"Producer, Fox News Sunday",F,354,488,1285,Mon Aug 17 13:04:31 +0000 2009,False,False,1.0,0.0,1.0,3.0,5.0,2,2
154934260,Aiacone,"Iacone, Amanda",WTOP Radio,Web Editor / Writer,F,257,351,989,Sat Jun 12 16:41:42 +0000 2010,False,False,15.0,0.0,0.0,6.0,21.0,2,2
3449843548,msomersWFED,"Somers, Meredith",Federal News Radio 1500 AM,Digital News Writer & Editor,F,231,92,872,Wed Aug 26 18:57:10 +0000 2015,False,False,117.0,3.0,1.0,38.0,159.0,2,2
235307346,LaurieAsseo,"Asseo, Laurie",Bloomberg News,"Editor, Congress & Supreme Court",F,135,113,843,Fri Jan 07 21:30:05 +0000 2011,False,False,164.0,0.0,0.0,0.0,164.0,2,2
69663399,juliesteinberg4,"Steinberg, Julie A.",Bloomberg BNA,Consumer & Product Liability Litigation Reporter,F,106,119,276,Fri Aug 28 18:50:19 +0000 2009,False,False,4.0,4.0,0.0,24.0,32.0,2,2
704826411719110656,MaryAnnePaz1,"Pazanowski, Mary Anne",Bloomberg BNA,Health Law Reporter,F,29,32,243,Wed Mar 02 00:31:26 +0000 2016,False,False,30.0,0.0,4.0,66.0,100.0,2,2
17013621,ShawnYancy,"Yancy, Shawn",WTTG–Fox Television,Anchor,F,10851,1146,27301,Tue Oct 28 02:46:02 +0000 2008,False,False,50.0,40.0,0.0,114.0,204.0,2,1
15919256,SuzGamboa,"Gamboa, Suzanne",NBC News,Senior Writer,F,8333,4616,9904,Wed Aug 20 16:12:14 +0000 2008,True,False,145.0,2.0,28.0,231.0,406.0,2,1
1684234034,marianne_levine,"Levine, Marianne A.",Politico,"Labor Reporter, Politico Pro",F,4926,495,1153,Mon Aug 19 21:32:05 +0000 2013,True,False,17.0,3.0,1.0,29.0,50.0,2,1
18683964,emilycadei,"Cadei, Emily Isabel",Newsweek,Political Correspondent,F,4738,1330,6452,Tue Jan 06 17:00:47 +0000 2009,True,False,20.0,3.0,0.0,48.0,71.0,2,1
528949429,JennyHops,"Hopkinson, Jenny A.",Politico,Agriculture & Food Reporter,F,4347,1782,3285,Sun Mar 18 23:53:08 +0000 2012,True,False,20.0,48.0,8.0,14.0,90.0,2,1
44295213,jackiefell,"Fell, Jackie",Cox Broadcasting,D.C. Correspondent,F,3985,640,24495,Wed Jun 03 04:44:25 +0000 2009,True,False,393.0,24.0,31.0,6.0,454.0,2,1
146095202,MBFretirepro,"Franklin, Mary Beth",Crain Communications,"Contributing Editor, InvestmentNews",F,3200,335,1528,Thu May 20 15:47:53 +0000 2010,False,False,74.0,2.0,3.0,24.0,103.0,2,1
34737729,kgyp,"Gypson, Katherine:",Voice of America,Reporter covering the House of Representitives,F,2127,1801,4466,Thu Apr 23 21:34:42 +0000 2009,True,False,233.0,82.0,30.0,90.0,435.0,2,1
260841091,SarahNLynch,"Lynch, Sarah",Thomsen Reuters,White Collar Crime Reporter,F,2105,1351,1944,Fri Mar 04 18:28:44 +0000 2011,False,False,23.0,1.0,9.0,12.0,45.0,2,1
20710655,njagoda,"Jogoda, Naomi",The Hill,Tax Reporter,F,1079,639,5189,Thu Feb 12 19:53:14 +0000 2009,False,False,44.0,5.0,14.0,9.0,72.0,2,1
16529160,reynoldscat,"Reynolds, Catherine",CBS News,Capitol Hill Producer,F,944,1780,405,Tue Sep 30 15:34:30 +0000 2008,False,False,7.0,7.0,1.0,17.0,32.0,2,1
10476272,Abs_NBC,"Williams, Abigail",NBC News,State Department Producer,F,925,1508,36,Thu Nov 22 21:26:20 +0000 2007,False,False,0.0,0.0,0.0,2.0,2.0,2,1
277959406,MedResJourno,"Baumann, Jeannie",Bloomberg BNA,"Reporter, Medical Research Law Report",F,819,715,2799,Wed Apr 06 09:47:01 +0000 2011,True,False,98.0,17.0,11.0,178.0,304.0,2,1
39448218,AGKootenay,"Grant, Annalee",S&P Global Market Intelligence,EPA Reporter,F,693,706,2562,Tue May 12 06:25:48 +0000 2009,False,False,52.0,19.0,51.0,57.0,179.0,2,1
21495954,LisaRuhl,"Ruhl, Lisa",The Hill,Video Producer,F,645,491,1308,Sat Feb 21 16:19:17 +0000 2009,True,False,2.0,1.0,1.0,8.0,12.0,2,1
14313289,casamuels,"Samuels, Christina",Education Week,Reporter,F,407,434,1542,Sun Apr 06 00:29:28 +0000 2008,False,False,2.0,2.0,0.0,1.0,5.0,2,1
295340389,steph_griff,"Griffith, Stephanie",Agence France-Presse,Staff Editor,F,239,432,4185,Sun May 08 20:41:55 +0000 2011,False,False,12.0,13.0,4.0,84.0,113.0,2,1
2177577711,Genna_Douglas,"Douglas, Genevieve Rose",Bloomberg BNA,Employment Law & Policy Reporter,F,231,29,125,Tue Nov 12 01:33:32 +0000 2013,True,False,11.0,1.0,0.0,1.0,13.0,2,1
3917285862,Dana_A_Elfin,"Elfin, Dana A.",Bloomberg BNA,Senior Legal Editor,F,95,268,214,Fri Oct 16 20:21:57 +0000 2015,False,False,21.0,0.0,0.0,4.0,25.0,2,1
22685638,NPRMichel,"Martin, Michel",National Public Radio,Weekend Host,F,61919,4896,13564,Tue Mar 03 21:47:14 +0000 2009,True,False,2.0,12.0,0.0,12.0,26.0,1,1
15458181,kate_sheppard,"Sheppard, Kate",Huffington Post,Political Reporter & Editor,F,61713,2086,32957,Wed Jul 16 19:01:55 +0000 2008,True,False,121.0,44.0,26.0,532.0,723.0,1,1
293303534,NPRmelissablock,"Block, Melissa",National Public Radio,Special Correspondent,F,60951,1363,7174,Thu May 05 03:25:19 +0000 2011,True,False,65.0,17.0,30.0,78.0,190.0,1,1
21434408,EmilyMiller,"Miller, Emily",Freelance,Journalist & Author,F,58891,2383,35874,Fri Feb 20 21:11:55 +0000 2009,True,False,60.0,200.0,164.0,21.0,445.0,1,1
18174520,SuzyKhimm,"Khimm, Suzy",Freelance,Journalist,F,17744,997,20084,Tue Dec 16 22:17:48 +0000 2008,True,False,12.0,2.0,9.0,44.0,67.0,1,1
19164430,maggiemfox,"Fox, Maggie",NBC News,Senior Health Writer,F,17431,2146,13809,Mon Jan 19 00:42:27 +0000 2009,True,False,148.0,24.0,11.0,139.0,322.0,1,1
114670081,rebleber,"Leber, Rebecca J.",Mother Jones,Environmental Policy Reporter,F,16467,613,12907,Tue Feb 16 06:37:27 +0000 2010,True,False,140.0,26.0,129.0,59.0,354.0,1,1
11469852,RadioBabe,"Seabrook, Andrea",Scripps News,Managing Editior,F,12507,2153,6033,Mon Dec 24 05:12:36 +0000 2007,False,False,8.0,0.0,10.0,24.0,42.0,1,1
1493053800,CateMartel,"Martel, Catherine A.",The Hill,National Political Reporter,F,10733,6225,3700,Sat Jun 08 14:36:27 +0000 2013,True,False,17.0,5.0,5.0,42.0,69.0,1,1
60907150,cgewertz,"Gewertz, Catherine",Education Week,Reporter,F,9129,433,10741,Tue Jul 28 13:46:41 +0000 2009,False,False,60.0,6.0,1.0,23.0,90.0,1,1
52112689,jennifereduffy,"Duffy, Jennifer",Cook Political Report,Senior Editor,F,8686,191,2820,Mon Jun 29 16:52:36 +0000 2009,False,False,7.0,2.0,19.0,9.0,37.0,1,1
32995184,lucia_graves,"Graves, Lucia E.",Guardian US,Reporter,F,8337,2090,14815,Sat Apr 18 20:07:32 +0000 2009,True,False,69.0,17.0,59.0,126.0,271.0,1,1
18989685,LailaAlarian,"Alarian, Laila",Aljazeera English,"Senior Producer & Investigative Reporter, Fault Lines",F,8157,1682,2907,Wed Jan 14 18:58:55 +0000 2009,True,False,16.0,2.0,8.0,32.0,58.0,1,1
46941602,GoldieStandard,"Blumenstyk, Goldie",Chronicle of Higher Education,Business Reporter,F,7633,1194,6677,Sat Jun 13 18:57:35 +0000 2009,True,False,45.0,79.0,41.0,76.0,241.0,1,1
97539939,JoanBiskupic,"Biskupic, Joan",Thomson Reuters,Reporter,F,7354,690,866,Thu Dec 17 22:29:05 +0000 2009,False,False,6.0,0.0,0.0,13.0,19.0,1,1
8162322,NikkiSchwab,"Schwab, Nicole E.",Daily Mail,U.S. Political Reporter,F,6874,5867,27607,Mon Aug 13 16:18:10 +0000 2007,True,False,88.0,21.0,37.0,122.0,268.0,1,1
260275260,melissamollet,"Mollet, Melissa",WRC–TV / NBC–4,Traffic Reporter,F,6693,3205,4269,Thu Mar 03 15:15:58 +0000 2011,True,False,57.0,16.0,0.0,21.0,94.0,1,1
16062247,PeggyTV,"Fox, Peggy",WUSA–TV,Northern Virginia Bureau Chief,F,6586,1070,10054,Sun Aug 31 03:24:24 +0000 2008,True,False,164.0,43.0,1.0,89.0,297.0,1,1
902971052,Tara_Mckelvey,"McKelvey, Tara",BBC,White House Reporter,F,6578,1263,6431,Thu Oct 25 01:26:32 +0000 2012,True,False,159.0,0.0,62.0,96.0,317.0,1,1
18873711,kararowland,"Rowland, Kara",Fox News,capital hill producer,F,6396,5046,11790,Sun Jan 11 17:52:33 +0000 2009,False,False,139.0,24.0,3.0,382.0,548.0,1,1
67483908,NHendersonWSJ,"Henderson, Nell",Wall Street Journal / Dow Jones,"Editor, Global Central Banks",F,6229,936,24421,Fri Aug 21 01:28:19 +0000 2009,True,False,267.0,1.0,5.0,1182.0,1455.0,1,1
22006244,KimberlyHalkett,"Halkett, Kimberly",Aljazeera English,White House Correspondent,F,6130,4319,2480,Thu Feb 26 13:09:45 +0000 2009,True,False,16.0,4.0,0.0,12.0,32.0,1,1
492293655,agreilingkeane,"Greiling Keane, Angela",Politico,"Deputy Tech Editor, Politico Pro",F,5743,3230,6299,Tue Feb 14 15:17:10 +0000 2012,True,False,35.0,45.0,2.0,44.0,126.0,1,1
93780708,EWmdavis,"Davis, Michelle R.",Education Week,"Senior Writer, Digital Directions",F,5570,2537,7023,Tue Dec 01 03:34:44 +0000 2009,False,False,109.0,0.0,3.0,39.0,151.0,1,1
747876121,JAscholtes,"Scholtes, Jennifer A.",Politico,Transportation Security Reporter,F,5528,4374,1414,Thu Aug 09 20:22:58 +0000 2012,False,False,3.0,0.0,0.0,3.0,6.0,1,1
19371141,DonovanSlack,"Slack, Donovan",USA Today,Washington Reporter,F,5375,2164,7431,Fri Jan 23 00:03:50 +0000 2009,True,False,12.0,5.0,4.0,48.0,69.0,1,1
15756288,lauraolson,"Olson, Laura",Allentown Morning Call,DC Correspondent,F,5249,2134,10569,Wed Aug 06 22:42:26 +0000 2008,True,False,100.0,47.0,32.0,102.0,281.0,1,1
89460898,ajconwashington,"Hallerman, Tamar",Atlanta Journal-Consitution,Washington Correspondent,F,5104,1118,20115,Thu Nov 12 14:47:15 +0000 2009,True,False,324.0,12.0,38.0,13.0,387.0,1,1
17027394,DonnaLeinwand,"Leinwand Leger, Donna",USA Today,Breaking News Editor,F,5099,1983,17406,Tue Oct 28 19:52:57 +0000 2008,True,False,84.0,13.0,28.0,29.0,154.0,1,1
21333396,susancrabtree,"Crabtree, Susan",Washington Examiner,Chief Congressional Correspondent,F,5093,3261,10639,Thu Feb 19 20:05:39 +0000 2009,True,False,152.0,31.0,12.0,123.0,318.0,1,1
16891240,CarlaBabbVOA,"Babb, Carla",Voice of America,Pentagon Correspondent,F,5075,990,5662,Tue Oct 21 18:49:46 +0000 2008,True,False,123.0,3.0,14.0,123.0,263.0,1,1
41196210,shirleyhenrydc,"Henry, Shirley",National Public Radio,Deputy Washington Editor,F,4944,1363,7882,Tue May 19 20:02:10 +0000 2009,True,False,30.0,19.0,0.0,97.0,146.0,1,1
65535700,WordsOfSarah,"Parnass, Sarah",Washingtonpost.com,Video Editor,F,4662,4535,30581,Fri Aug 14 02:14:45 +0000 2009,True,False,120.0,86.0,142.0,548.0,896.0,1,1
18734076,KateRyanWTOP,"Ryan, Kate",WTOP Radio,News Reporter,F,4628,3168,12764,Wed Jan 07 19:27:54 +0000 2009,True,False,77.0,12.0,5.0,50.0,144.0,1,1
29455548,PamelaKirkland,"Kirkland, Pamela",PBS NewsHour,Politics Producer / Reporter,F,4584,3395,2377,Tue Apr 07 14:13:56 +0000 2009,True,False,3.0,4.0,5.0,12.0,24.0,1,1
14091197,AngieHolan,"Holan, Angie Drobnic",Tampa Bay Times,"Editor, PolitiFact",F,4582,2898,5613,Thu Mar 06 20:31:05 +0000 2008,True,False,61.0,3.0,5.0,49.0,118.0,1,1
18881645,ewstephe,"Stephenson, Emily",Thomson Reuters,Washington Reporter,F,4573,845,15560,Sun Jan 11 22:10:56 +0000 2009,True,False,146.0,40.0,32.0,150.0,368.0,1,1
787969735,AlisonStarling7,"Starling, Alison",WJLA–TV / Newschannel 8,Anchor for WJLA,F,4316,1379,2603,Tue Aug 28 22:16:15 +0000 2012,True,False,104.0,72.0,2.0,174.0,352.0,1,1
48821786,CBSWalsh,"Walsh, Mary",CBS News,Pentagon Producer,F,4151,924,4052,Fri Jun 19 20:41:55 +0000 2009,True,False,69.0,18.0,0.0,22.0,109.0,1,1
43469833,kateashaw1,"Shaw, Katherine",ABC News,Supreme Court Contributor,F,4125,1246,154,Sat May 30 03:14:22 +0000 2009,False,False,4.0,6.0,19.0,0.0,29.0,1,1
15908898,geewaxnpr,"Geewax, Marilyn",National Public Radio,Senior Business Editor,F,4116,669,2578,Tue Aug 19 20:11:04 +0000 2008,True,False,34.0,14.0,0.0,25.0,73.0,1,1
16636428,AP_Joan_Lowy,"Lowy, Joan",Associated Press,Transportation Reporter,F,3801,508,5894,Tue Oct 07 20:30:09 +0000 2008,True,False,125.0,0.0,0.0,65.0,190.0,1,1
19216998,mollyhooper,"Hooper, Molly",The Hill,Reporter,F,3771,1056,829,Tue Jan 20 03:10:53 +0000 2009,False,False,11.0,0.0,1.0,0.0,12.0,1,1
199836680,CNHorn,"Horn, Caroline",CBS News,"Washington Senior Producer, CBS Evening News",F,3493,886,5584,Thu Oct 07 21:00:24 +0000 2010,False,False,10.0,3.0,3.0,10.0,26.0,1,1
525419131,cindysaine,"Saine-Spang, Cynthia",Voice of America,State Department Correspondent,F,3479,1874,22971,Thu Mar 15 14:28:29 +0000 2012,True,False,186.0,134.0,1.0,958.0,1279.0,1,1
176589375,allisonsherry,"Sherry, Allison",Colorado Public Radio,Government Reporter,F,3425,526,3907,Mon Aug 09 23:06:17 +0000 2010,True,False,40.0,5.0,1.0,24.0,70.0,1,1
96405362,laurenonthehill,"Camera, Lauren S.",U.S. News & World Report,National Education Reporter,F,3396,1018,4041,Sat Dec 12 19:45:38 +0000 2009,True,False,107.0,44.0,191.0,125.0,467.0,1,1
9864112,loriara,"Aratani, Lori",Washington Post,"Reporter, Transportation & Development",F,3360,1318,26128,Thu Nov 01 21:11:02 +0000 2007,False,False,616.0,35.0,18.0,605.0,1274.0,1,1
213368745,KatyRicalde,"Ricalde, Katheryn",Fox News,the daily bret blog (http://www.thedailybret.com/),F,3330,1327,3688,Mon Nov 08 18:58:48 +0000 2010,False,False,6.0,2.0,1.0,25.0,34.0,1,1
255620328,CassieSpodak,"Spodak, Cassandra",CNN,Video Producer,F,3172,662,4016,Mon Feb 21 18:50:14 +0000 2011,True,False,58.0,16.0,1.0,62.0,137.0,1,1
174093269,Emily_DeRuy,"DeRuy, Emily",The atlantic,"Reporter for the Atlantic, formerly univison",F,2964,1321,12683,Tue Aug 03 02:38:39 +0000 2010,True,False,151.0,10.0,7.0,56.0,224.0,1,1
23768237,ElizaRules,"Carney, Eliza",American Prospect,Senior Editor,F,2846,1742,3627,Wed Mar 11 14:17:42 +0000 2009,False,False,24.0,6.0,0.0,17.0,47.0,1,1
104647040,KathHL,"Lyons, Kathryn",Famous DC,Managing Editor,F,2748,1039,1445,Wed Jan 13 23:49:21 +0000 2010,False,False,11.0,38.0,4.0,28.0,81.0,1,1
552044121,cspanSusan,"Swain, Susan",C–SPAN,Co-CEO,F,2558,652,2300,Thu Apr 12 15:52:39 +0000 2012,False,False,17.0,14.0,0.0,34.0,65.0,1,1
10466802,kkiang,"Kiang, Kylene",Aljazeera English,Former Producer,F,2550,1418,6059,Thu Nov 22 13:00:51 +0000 2007,False,False,3.0,0.0,2.0,16.0,21.0,1,1
1286925638,KellieMeyerNews,"Meyer, Kellie",Lilly Broadcasting,Multimedia Reporter,F,2438,2433,5183,Thu Mar 21 20:44:20 +0000 2013,True,False,134.0,2.0,16.0,21.0,173.0,1,1
147467535,JuliaEAinsley,"Edwards, Julia",Thomson Reuters,Justice Correspondent,F,2438,748,1591,Mon May 24 06:20:21 +0000 2010,False,False,28.0,1.0,1.0,14.0,44.0,1,1
553840400,priscialva,"Alvarez, Priscilla N.",The Atlantic,Assistant Editor,F,2428,894,1784,Sat Apr 14 21:16:32 +0000 2012,True,False,62.0,21.0,20.0,88.0,191.0,1,1
3066095122,AbigailCBN,"Robertson, Abigail",CBN News,Congressional Correspondent,F,2318,1221,2907,Mon Mar 02 18:24:26 +0000 2015,False,False,163.0,86.0,4.0,153.0,406.0,1,1
351893585,ElleBeyoud,"Beyoud, Lydia",Bloomberg BNA,Senior Tech & Telecom Reporter,F,2220,4999,5988,Tue Aug 09 21:36:45 +0000 2011,True,False,133.0,112.0,134.0,160.0,539.0,1,1
22695254,michelesalcedo,"Salcedo, Michele",Associated Press,Desk Editor,F,2141,1870,4706,Tue Mar 03 22:54:25 +0000 2009,True,False,18.0,34.0,1.0,18.0,71.0,1,1
119515943,Esthernow,"Whieldon, Esther",Politico,Alternative Energy Reporter,F,2116,697,1638,Wed Mar 03 22:03:23 +0000 2010,False,False,8.0,0.0,0.0,2.0,10.0,1,1
304576970,JessicaWehrman,"Wehrman, Jessica",Columbus Dispatch,Washington Correspondent,F,2069,1346,4588,Tue May 24 19:06:47 +0000 2011,False,False,45.0,4.0,7.0,68.0,124.0,1,1
15754348,emlybelz,"Belz, Emily C.",World Magazine,Reporter,F,1945,585,7401,Wed Aug 06 20:00:34 +0000 2008,False,False,45.0,14.0,64.0,28.0,151.0,1,1
11702412,VickoftheHill,"Needham, Vicki",The Hill,Finance Reporter,F,1912,2323,14095,Tue Jan 01 00:10:51 +0000 2008,False,False,37.0,169.0,18.0,1390.0,1614.0,1,1
9722522,locamama,"Jennings, Alicia",NBC News,Senior Producer,F,1875,638,1455,Fri Oct 26 22:29:39 +0000 2007,False,False,2.0,0.0,0.0,16.0,18.0,1,1
246815887,KelleyBVlahos,"Vlahos, Kelley Beaucar",Fox News,Political Reporter,F,1853,349,6755,Thu Feb 03 14:43:12 +0000 2011,False,False,54.0,30.0,1.0,76.0,161.0,1,1
3273220608,KatherineBScott,"Scott, Katherine",Bloomberg Government,Legislative Data Analyst,F,1841,597,10011,Thu Jul 09 20:19:52 +0000 2015,False,False,252.0,164.0,120.0,1253.0,1789.0,1,1
15839947,gretabrawner,"Brawner, Greta",C–SPAN,"Hoat, Washington Journal",F,1822,365,676,Wed Aug 13 18:02:07 +0000 2008,False,False,0.0,0.0,0.0,39.0,39.0,1,1
1110221918,Maya_Garg,"Garg, Maya",Aljazeera English,Senior Producer,F,1778,1894,5314,Mon Jan 21 22:51:59 +0000 2013,False,False,25.0,10.0,14.0,80.0,129.0,1,1
388543931,CarolynVOA,"Presutti, Carolyn",Voice of America,International TV Correspondent,F,1774,412,664,Mon Oct 10 22:48:40 +0000 2011,True,False,13.0,7.0,1.0,9.0,30.0,1,1
174670082,AriannaProthero,"Prothero, Arianna G.",Education Week,Reporter,F,1723,992,5143,Wed Aug 04 14:28:13 +0000 2010,False,False,112.0,21.0,16.0,190.0,339.0,1,1
31183389,gkroberts,"Roberts, Gillian",CQ Roll Call,Visual Reporting Editor,F,1561,1137,5107,Tue Apr 14 18:08:46 +0000 2009,True,False,89.0,3.0,0.0,128.0,220.0,1,1
91471584,KaviChek,"Chekuru, Kavitha",Aljazeera English,"Reporter, Fault Lines",F,1480,780,1269,Sat Nov 21 01:28:10 +0000 2009,True,False,8.0,4.0,8.0,57.0,77.0,1,1
9660752,cleabenson,"Benson, Clea",Politico,Financial Services Editor,F,1446,742,329,Wed Oct 24 17:39:25 +0000 2007,False,False,1.0,0.0,1.0,2.0,4.0,1,1
64320126,AnnElizabeth18,"Snider, Ann E.",Politico,Water Reporter,F,1424,650,1588,Mon Aug 10 02:47:40 +0000 2009,False,False,4.0,2.0,0.0,16.0,22.0,1,1
321797990,JennVasquez_DC,"Vasquez, Jennifer",WRC–TV / NBC–4,Producer,F,1418,960,6802,Wed Jun 22 04:27:10 +0000 2011,False,False,100.0,45.0,13.0,69.0,227.0,1,1
27481883,natsfert,"Fertig, Natalie",McClatchy,Video Producer,F,1396,1576,16610,Sun Mar 29 19:08:38 +0000 2009,True,False,285.0,371.0,200.0,292.0,1148.0,1,1
170694418,margyslattery,"Slattery, Margaret Ann",Politico,"Deputy Editor, Politico Magazine",F,1374,1113,863,Sun Jul 25 14:15:45 +0000 2010,True,False,5.0,0.0,1.0,13.0,19.0,1,1
342274679,VMMacchi,"Macchi, Victoria",Voice of America,Reporter,F,1373,2804,5782,Mon Jul 25 19:11:00 +0000 2011,True,False,82.0,19.0,71.0,89.0,261.0,1,1
4902064493,theabstoddard,"Stoddard, Alexandra B.",RealClearPolitics,Associate Editor & Columnist,F,1372,14,65,Fri Feb 12 18:14:22 +0000 2016,False,False,11.0,0.0,1.0,1.0,13.0,1,1
1586584676,EdWeekMMolnar,"Molnar, Michele",Education Week,Industry & Innovation Writer,F,1332,744,4059,Thu Jul 11 19:08:32 +0000 2013,False,False,14.0,3.0,0.0,20.0,37.0,1,1
86776199,jmckellogg,"McKellogg, Julieann",McClatchy,Video Journalist,F,1314,1920,4471,Sun Nov 01 18:44:39 +0000 2009,False,False,11.0,7.0,11.0,11.0,40.0,1,1
437729436,susanferriss,"Ferriss, Susan",Center for Public Integrity,Reporter,F,1089,591,1309,Thu Dec 15 19:24:06 +0000 2011,True,False,31.0,37.0,2.0,23.0,93.0,1,1
539229153,MilliganSusan,"Milligan, Susan E.",U.S. News & World Report,Political Writer,F,1072,286,4067,Wed Mar 28 15:38:50 +0000 2012,False,False,59.0,171.0,48.0,314.0,592.0,1,1
69706170,tmawelsh,"Welsh, Teresa",McClatchy Newspapers,Reporter,F,1067,1468,7485,Fri Aug 28 21:58:21 +0000 2009,True,False,109.0,131.0,9.0,245.0,494.0,1,1
459895889,HeatherMCurtis1,"Curtis, Heather",WMAL Radio,Field Reporter,F,999,1546,7244,Tue Jan 10 05:06:30 +0000 2012,False,False,200.0,18.0,17.0,15.0,250.0,1,1
1157584921,sarasuarezv22,"Suarez, Sara",WFDC–TV Univision,News Director for the NE Division,F,991,865,1832,Thu Feb 07 16:19:44 +0000 2013,False,False,4.0,6.0,4.0,9.0,23.0,1,1
251917058,MarisaKashino,"Kashino, Marisa M.",Washingtonian,Senior Editor,F,916,605,1507,Mon Feb 14 03:11:06 +0000 2011,False,False,8.0,27.0,24.0,32.0,91.0,1,1
30176025,LaurenFCarroll,"Carroll, Lauren",Tampa Bay Times,"Reporter, PolitiFact",F,866,499,1,Fri Apr 10 06:29:32 +0000 2009,False,False,14.0,6.0,7.0,17.0,44.0,1,1
36077613,eyezediting,"Johnson, Irene",WRC–TV / NBC–4,Photographer / Videographer,F,838,2214,3976,Tue Apr 28 14:26:30 +0000 2009,False,False,30.0,1.0,17.0,41.0,89.0,1,1
16026911,meghankwelsh,"Welsh, Meghan",Fox News,Producer,F,832,1422,2656,Thu Aug 28 13:51:05 +0000 2008,True,False,14.0,2.0,0.0,8.0,24.0,1,1
71695099,PennyStarrDC,"Starr, Penny",Breitbart News,Reporter,F,788,410,2467,Sat Sep 05 01:41:17 +0000 2009,False,False,54.0,8.0,4.0,22.0,88.0,1,1
1051255058,Ilonavon,"Viczian, Ilona",Aljazeera English,Freelance Producer,F,787,622,898,Mon Dec 31 21:46:56 +0000 2012,True,False,4.0,0.0,0.0,12.0,16.0,1,1
70776391,dibartz,"Bartz, Diane",Thomson Reuters,Antitrust Reporter,F,697,440,4390,Tue Sep 01 20:26:17 +0000 2009,False,False,103.0,14.0,54.0,157.0,328.0,1,1
261962339,simoneMperez,"Perez, Simone",Vice News,"Producer, VICE News Tonight on HBO",F,667,822,1800,Mon Mar 07 02:10:29 +0000 2011,False,False,38.0,10.0,16.0,6.0,70.0,1,1
1692401,kerning,"Perks, Ashley J.",The Hill,Design Director,F,652,451,16074,Wed Mar 21 00:27:21 +0000 2007,False,False,74.0,22.0,94.0,54.0,244.0,1,1
598731841,rfoster18,"Foster, Rebecca",Feature Story News,Newsdesk Manager,F,613,290,1791,Sun Jun 03 22:53:07 +0000 2012,False,False,39.0,2.0,4.0,12.0,57.0,1,1
152050134,CydneyWeiner,"Weiner, Cydney",NBC News,"Associate Producer, Nightly News",F,585,1777,599,Fri Jun 04 23:29:51 +0000 2010,False,False,4.0,0.0,0.0,4.0,8.0,1,1
33995378,alisonnews,"Burns, Alison",Cox Broadcasting,Reporter,F,585,622,1275,Tue Apr 21 18:42:13 +0000 2009,False,False,10.0,2.0,27.0,48.0,87.0,1,1
1002229862,HMRothmandc,"Rothman, Heather M.",Bloomberg BNA,News Director,F,518,546,2143,Mon Dec 10 18:37:13 +0000 2012,True,False,48.0,20.0,3.0,118.0,189.0,1,1
34331838,ergold,"Gold, Emily",NBC News,Associate Producer,F,504,940,5278,Wed Apr 22 17:16:02 +0000 2009,False,False,11.0,8.0,3.0,27.0,49.0,1,1
230768222,kcwassman,"Wassman, Kathryn",NBC News,Production Assistant / Researcher,F,496,2020,2119,Sun Dec 26 16:26:06 +0000 2010,False,False,14.0,10.0,5.0,25.0,54.0,1,1
31768589,saratheproducer,"Kirkland, Sara",WRC–TV / NBC–4,Producer,F,494,1008,893,Thu Apr 16 13:03:08 +0000 2009,False,False,1.0,0.0,5.0,2.0,8.0,1,1
24179720,tnsarge,"Sargeant, Nancy",WNEW / CBS DC,Former: Reporter and Producer,F,449,1301,1057,Fri Mar 13 14:32:34 +0000 2009,False,False,0.0,1.0,0.0,1.0,2.0,1,1
36483962,jkbuchholz,"Buchholz, Jenny",Fox News,Producer,F,445,1067,492,Wed Apr 29 21:15:47 +0000 2009,False,False,9.0,2.0,0.0,2.0,13.0,1,1
32451164,Nadiahuraimi,"Al Huraimi, Nadia",BBC,Producer,F,422,1011,3111,Fri Apr 17 15:40:21 +0000 2009,False,False,0.0,0.0,0.0,2.0,2.0,1,1
25117051,TeneilleGibson,"Gibson, Teneille",WRC–TV / NBC–4,Content Producer,F,409,455,6558,Wed Mar 18 17:54:49 +0000 2009,False,False,2.0,3.0,15.0,6.0,26.0,1,1
3291195791,juditheayers,"Ayers, Judith E.",WTTG-TV,Weekend Assignment Editor,F,361,1270,3408,Wed May 20 11:55:35 +0000 2015,False,False,17.0,3.0,10.0,352.0,382.0,1,1
18243127,lturrell16,"Turrell, Elizabeth",CNN,Political Futures Editor,F,357,1909,1037,Fri Dec 19 15:05:13 +0000 2008,False,False,1.0,2.0,0.0,17.0,20.0,1,1
128944712,patrizzuto,"Rizzuto, Pat",Bloomberg BNA,Chemicals Reporter,F,345,136,396,Fri Apr 02 17:54:37 +0000 2010,True,False,42.0,3.0,0.0,2.0,47.0,1,1
135221641,DoinaChiacu,"Chiacu, Doina",Thomson Reuters,Reporter,F,307,762,952,Tue Apr 20 17:42:50 +0000 2010,False,False,78.0,8.0,2.0,28.0,116.0,1,1
390306479,NoelleStraub,"Straub, Noelle C.",E&E News,Natural Resources Editor,F,305,114,120,Thu Oct 13 19:40:39 +0000 2011,False,False,0.0,0.0,0.0,3.0,3.0,1,1
3246905603,jbcasuga,"Casuga, Jay-Anne B.",Bloomberg BNA,Senior Legal Editor,F,290,179,746,Mon May 11 22:31:30 +0000 2015,True,False,28.0,39.0,12.0,82.0,161.0,1,1
1126215781,rebecca_wilhelm,"Wilhelm, Rebecca E.",Bloomberg BNA,Legal Editor,F,165,284,1564,Sun Jan 27 21:03:03 +0000 2013,False,False,3.0,17.0,3.0,62.0,85.0,1,1
3217279655,ProducedbyRita,"Chan, Rita",Aljazeera America,Writer & Producer,F,162,298,442,Tue Apr 28 14:02:38 +0000 2015,False,False,8.0,8.0,4.0,9.0,29.0,1,1
4892094045,KristenKnebel,"Ricaurte Knebel, Kristen C.",Bloomberg BNA,"Senior Reporter, Retirement",F,142,180,162,Tue Feb 09 15:06:20 +0000 2016,False,False,15.0,6.0,13.0,29.0,63.0,1,1
